Title, Year, imdbID, Type, Poster, review_average, review_count, extra_images, director, writer, release_date, movie_length, actor_info, movie_genre, review_date, reviewer, review_title, reviews_number, review_viewers, review, movie_description, movie_id
Handcrafted Fresh Towels, Thu Aug 16 2018 01:04:44 GMT-0700 (PDT), tt24006, http://lorempixel.com/640/480/people, 4, 20283, http://lorempixel.com/640/480/animals, Abelardo Kiehn, Aida Padberg, Thu Sep 27 2018 07:04:20 GMT-0700 (PDT), 1 hour 59 minutes, [{"charactor_name":"\"Miss Andres Bogisich\"","actor_name":"\"Jaylan Price\""},{"charactor_name":"\"Miss Andres Bogisich\"","actor_name":"\"Jaylan Price\""},{"charactor_name":"\"Miss Andres Bogisich\"","actor_name":"\"Jaylan Price\""},{"charactor_name":"\"Miss Andres Bogisich\"","actor_name":"\"Jaylan Price\""}], vel, Wed Nov 22 2017 05:16:10 GMT-0800 (PST), Casimer McGlynn, sensor, 93816, 42928, Accusantium rerum officiis perspiciatis. Tempora eum dolor atque dolore asperiores. Dolorem non nesciunt velit nam ut., maiores illo voluptate, 22301
Practical Steel Gloves, Wed Feb 07 2018 00:11:10 GMT-0800 (PST), tt68552, http://lorempixel.com/640/480/people, 5, 78556, http://lorempixel.com/640/480/animals, Kevon Franecki, Lloyd Stehr, Thu Dec 28 2017 07:36:08 GMT-0800 (PST), 2 hours 43 minutes, [{"charactor_name":"\"Lon Franecki\"","actor_name":"\"Obie Reilly\""},{"charactor_name":"\"Lon Franecki\"","actor_name":"\"Obie Reilly\""},{"charactor_name":"\"Lon Franecki\"","actor_name":"\"Obie Reilly\""}], occaecati, Tue Feb 20 2018 17:52:26 GMT-0800 (PST), Geovanni Smitham, Stravenue, 26363, 41982, Quisquam ut quia sequi dolorem. Velit nam consequatur omnis voluptatum. Eos aspernatur quae provident architecto ipsa recusandae. Quibusdam asperiores voluptatem vero excepturi atque aut voluptas omnis id., reprehenderit dolorum quia, 47503
Licensed Steel Chips, Thu May 17 2018 04:19:55 GMT-0700 (PDT), tt25692, http://lorempixel.com/640/480/people, 3, 22128, http://lorempixel.com/640/480/animals, Natalia Satterfield, Lila Kunde, Tue Aug 21 2018 09:59:09 GMT-0700 (PDT), 1 hour 40 minutes, [{"charactor_name":"\"Malika Walsh\"","actor_name":"\"Abe Wehner\""},{"charactor_name":"\"Malika Walsh\"","actor_name":"\"Abe Wehner\""},{"charactor_name":"\"Malika Walsh\"","actor_name":"\"Abe Wehner\""},{"charactor_name":"\"Malika Walsh\"","actor_name":"\"Abe Wehner\""},{"charactor_name":"\"Malika Walsh\"","actor_name":"\"Abe Wehner\""}], rem, Mon Mar 12 2018 15:49:32 GMT-0700 (PDT), Mrs. Maiya Halvorson, Specialist, 16962, 45568, Dolor et enim occaecati esse sed rerum mollitia. Blanditiis aut nobis quasi culpa perferendis. Odio porro minus eum delectus iure molestiae laudantium recusandae. Adipisci natus et totam voluptatem aspernatur hic voluptatem rerum., assumenda hic rerum, 15815
Fantastic Fresh Car, Sat Feb 10 2018 04:05:23 GMT-0800 (PST), tt17752, http://lorempixel.com/640/480/people, 2, 1276, http://lorempixel.com/640/480/animals, Harvey Graham II, Quinn Langworth Jr., Sun Oct 22 2017 18:34:01 GMT-0700 (PDT), 1 hour 39 minutes, [{"charactor_name":"\"Elroy Walker\"","actor_name":"\"Dewitt Kilback\""},{"charactor_name":"\"Elroy Walker\"","actor_name":"\"Dewitt Kilback\""},{"charactor_name":"\"Elroy Walker\"","actor_name":"\"Dewitt Kilback\""}], earum, Wed Feb 21 2018 22:57:56 GMT-0800 (PST), Jadon Zemlak, Bedfordshire, 6808, 61611, Dolorem non explicabo neque odit rerum. Ratione debitis voluptas recusandae atque ipsum assumenda consequuntur. Sapiente voluptas inventore enim., dolor ea dolorum, 22944
Unbranded Rubber Towels, Thu Nov 09 2017 08:57:07 GMT-0800 (PST), tt65052, http://lorempixel.com/640/480/people, 4, 69236, http://lorempixel.com/640/480/animals, Lesley VonRueden, Lonie Willms, Mon Jan 22 2018 09:48:59 GMT-0800 (PST), 1 hour 6 minutes, [{"charactor_name":"\"Veda Kuhic\"","actor_name":"\"Delaney Hamill\""}], perferendis, Fri Oct 20 2017 18:57:51 GMT-0700 (PDT), Robin Dare, matrix, 15517, 43537, Animi quia rerum occaecati culpa quasi saepe. In iure qui est earum ipsum. Voluptate quis atque debitis quia sunt corporis. Et omnis ratione quo optio qui explicabo aut ab quas. Impedit impedit voluptatem labore suscipit voluptatem dolorum unde sed., error harum officiis, 57245
Refined Fresh Pants, Wed Apr 11 2018 13:22:31 GMT-0700 (PDT), tt33654, http://lorempixel.com/640/480/people, 4, 69513, http://lorempixel.com/640/480/animals, Dominique Koss, Mavis Hansen, Sun Jun 10 2018 16:00:50 GMT-0700 (PDT), 1 hour 47 minutes, [{"charactor_name":"\"Glennie Lynch\"","actor_name":"\"Abe Keeling IV\""}], tempore, Wed Nov 08 2017 08:23:37 GMT-0800 (PST), Edison Russel, virtual, 17958, 82865, Ex consequatur nisi illo eius voluptatem eum qui. Sint dolor rerum consequuntur neque nulla dolores doloribus. Et fugit rerum porro velit ex velit molestias totam tempore., placeat et dolores, 25678
Generic Fresh Gloves, Wed May 09 2018 03:13:21 GMT-0700 (PDT), tt8895, http://lorempixel.com/640/480/people, 4, 799, http://lorempixel.com/640/480/animals, Kailyn Keebler, Kristina Willms, Fri Mar 30 2018 11:43:16 GMT-0700 (PDT), 2 hours 18 minutes, [{"charactor_name":"\"Seamus Conn\"","actor_name":"\"Coby Bogisich\""},{"charactor_name":"\"Seamus Conn\"","actor_name":"\"Coby Bogisich\""},{"charactor_name":"\"Seamus Conn\"","actor_name":"\"Coby Bogisich\""},{"charactor_name":"\"Seamus Conn\"","actor_name":"\"Coby Bogisich\""},{"charactor_name":"\"Seamus Conn\"","actor_name":"\"Coby Bogisich\""}], possimus, Sun Nov 19 2017 00:10:25 GMT-0800 (PST), Connie Frami V, Iceland Krona, 9903, 19458, Est et quos reiciendis nemo. Corrupti et ea quia assumenda quam possimus maiores qui veritatis. Et in molestiae id blanditiis quae. Ut atque sequi facere., atque quis laudantium, 12658
Intelligent Concrete Table, Sun Feb 18 2018 15:54:11 GMT-0800 (PST), tt98235, http://lorempixel.com/640/480/people, 3, 52097, http://lorempixel.com/640/480/animals, Maverick Cremin, Mr. Jennyfer Hermiston, Tue Jun 12 2018 18:56:01 GMT-0700 (PDT), 2 hours 35 minutes, [{"charactor_name":"\"Nikko Torphy\"","actor_name":"\"Xzavier Dare\""},{"charactor_name":"\"Nikko Torphy\"","actor_name":"\"Xzavier Dare\""},{"charactor_name":"\"Nikko Torphy\"","actor_name":"\"Xzavier Dare\""},{"charactor_name":"\"Nikko Torphy\"","actor_name":"\"Xzavier Dare\""}], autem, Thu Sep 27 2018 15:12:26 GMT-0700 (PDT), Bessie Mayert, Automotive, 80086, 64713, Quo expedita eum recusandae reiciendis facilis sed voluptatem et debitis. Adipisci enim ut voluptatum hic. Quia eum non dolores sit., iusto eos fuga, 94270
Handcrafted Concrete Shirt, Wed Sep 05 2018 04:30:11 GMT-0700 (PDT), tt85198, http://lorempixel.com/640/480/people, 5, 99210, http://lorempixel.com/640/480/animals, Doris Effertz, Triston Boyle I, Wed Dec 13 2017 15:15:21 GMT-0800 (PST), 2 hours 53 minutes, [{"charactor_name":"\"Nicolette Corwin\"","actor_name":"\"Gladyce Mante\""}], quia, Thu Mar 22 2018 04:00:39 GMT-0700 (PDT), Florencio Davis, Networked, 51890, 79956, Repudiandae sed eos maxime. Minima pariatur sunt rerum. Optio eveniet nulla odio quae ut sit., voluptatibus ad est, 64728
Small Rubber Pants, Mon Nov 27 2017 14:58:39 GMT-0800 (PST), tt70485, http://lorempixel.com/640/480/people, 1, 68905, http://lorempixel.com/640/480/animals, Wava Batz, Alexandrea Bashirian, Sun Mar 25 2018 18:29:46 GMT-0700 (PDT), 2 hours 9 minutes, [{"charactor_name":"\"Otto Huel\"","actor_name":"\"Afton Ebert\""}], ipsam, Mon Aug 13 2018 20:44:54 GMT-0700 (PDT), Margaretta Kulas, index, 52031, 32245, Mollitia qui blanditiis dolorum reiciendis suscipit eos doloribus ut. Excepturi et quia vitae. Repellat amet doloremque id voluptatem saepe. Enim voluptatem quia doloribus et adipisci quod ut., porro occaecati excepturi, 1353
Awesome Wooden Car, Mon Oct 30 2017 19:20:32 GMT-0700 (PDT), tt16806, http://lorempixel.com/640/480/people, 2, 3462, http://lorempixel.com/640/480/animals, Gisselle Ortiz, Raphaelle Schuster, Wed Dec 20 2017 18:22:54 GMT-0800 (PST), 1 hour 6 minutes, [{"charactor_name":"\"Zackary Wiza V\"","actor_name":"\"Lavon Langworth\""},{"charactor_name":"\"Zackary Wiza V\"","actor_name":"\"Lavon Langworth\""},{"charactor_name":"\"Zackary Wiza V\"","actor_name":"\"Lavon Langworth\""},{"charactor_name":"\"Zackary Wiza V\"","actor_name":"\"Lavon Langworth\""},{"charactor_name":"\"Zackary Wiza V\"","actor_name":"\"Lavon Langworth\""}], aut, Wed Aug 08 2018 03:43:01 GMT-0700 (PDT), Lillie Morar, Checking Account, 2729, 25080, Repellendus eos sint modi laudantium ab sit. Labore hic pariatur tempora omnis itaque sit. Pariatur dolor labore nisi nostrum. Hic facilis distinctio perspiciatis ut ut et deserunt a., eaque sint aut, 618
Gorgeous Concrete Chips, Sat May 05 2018 14:36:48 GMT-0700 (PDT), tt47645, http://lorempixel.com/640/480/people, 2, 54198, http://lorempixel.com/640/480/animals, Baron Lebsack, Iliana Denesik, Mon Dec 11 2017 10:57:53 GMT-0800 (PST), 2 hours 38 minutes, [{"charactor_name":"\"Rick Jenkins IV\"","actor_name":"\"Marge Blanda\""},{"charactor_name":"\"Rick Jenkins IV\"","actor_name":"\"Marge Blanda\""},{"charactor_name":"\"Rick Jenkins IV\"","actor_name":"\"Marge Blanda\""},{"charactor_name":"\"Rick Jenkins IV\"","actor_name":"\"Marge Blanda\""}], consectetur, Tue Jul 10 2018 00:16:49 GMT-0700 (PDT), Otho VonRueden, Personal Loan Account, 44434, 44799, Sed perferendis aliquid vitae. Ad illum et repellendus laborum. Fuga eveniet incidunt quis voluptas. Veritatis et quia., ut et modi, 28226
Fantastic Steel Chips, Sun Oct 29 2017 16:06:12 GMT-0700 (PDT), tt6871, http://lorempixel.com/640/480/people, 3, 96060, http://lorempixel.com/640/480/animals, Douglas Schaefer, Amira Lind MD, Sat Jul 21 2018 20:44:03 GMT-0700 (PDT), 2 hours 19 minutes, [{"charactor_name":"\"Ms. Sibyl Morar\"","actor_name":"\"Buster Herzog\""},{"charactor_name":"\"Ms. Sibyl Morar\"","actor_name":"\"Buster Herzog\""}], non, Wed Oct 18 2017 08:30:14 GMT-0700 (PDT), Larry Jacobi, neural, 295, 85467, Sint a officiis doloremque inventore eos. Laborum harum voluptas fuga aut rerum quo in. Quidem praesentium similique et iusto. Facilis voluptates esse nam consequuntur et., consequuntur eum eius, 21678
Sleek Wooden Pizza, Tue Feb 06 2018 09:55:54 GMT-0800 (PST), tt72571, http://lorempixel.com/640/480/people, 1, 81948, http://lorempixel.com/640/480/animals, Mohamed Bergstrom, Michel Tremblay, Sat Jan 06 2018 09:30:02 GMT-0800 (PST), 1 hour 40 minutes, [{"charactor_name":"\"Twila Walter\"","actor_name":"\"Yvette Kerluke\""},{"charactor_name":"\"Twila Walter\"","actor_name":"\"Yvette Kerluke\""},{"charactor_name":"\"Twila Walter\"","actor_name":"\"Yvette Kerluke\""},{"charactor_name":"\"Twila Walter\"","actor_name":"\"Yvette Kerluke\""},{"charactor_name":"\"Twila Walter\"","actor_name":"\"Yvette Kerluke\""}], velit, Sat Dec 02 2017 06:42:21 GMT-0800 (PST), Maryam Durgan, Quality, 58039, 54019, Dolorem et autem aut earum fuga nostrum error iusto. Aut repellat enim et rem. Nam quidem aperiam magnam dolorum. Reiciendis voluptatem illum sed iusto vero necessitatibus., explicabo soluta accusamus, 95859
Unbranded Steel Car, Thu Feb 08 2018 09:33:56 GMT-0800 (PST), tt61658, http://lorempixel.com/640/480/people, 5, 42072, http://lorempixel.com/640/480/animals, Sebastian Kihn, Reed Ortiz, Wed Jun 13 2018 03:57:30 GMT-0700 (PDT), 2 hours 44 minutes, [{"charactor_name":"\"Shaniya Wilderman Sr.\"","actor_name":"\"Ashton Schmitt\""},{"charactor_name":"\"Shaniya Wilderman Sr.\"","actor_name":"\"Ashton Schmitt\""},{"charactor_name":"\"Shaniya Wilderman Sr.\"","actor_name":"\"Ashton Schmitt\""},{"charactor_name":"\"Shaniya Wilderman Sr.\"","actor_name":"\"Ashton Schmitt\""}], voluptatem, Wed Dec 13 2017 01:29:10 GMT-0800 (PST), Caesar Konopelski, Kentucky, 19735, 88118, Necessitatibus laudantium accusamus sint. Nihil dicta aut alias assumenda. Earum rerum mollitia dolorum. Veritatis quia et beatae voluptas nulla. In et nisi., excepturi eum molestiae, 6595
Sleek Plastic Ball, Sun May 27 2018 09:51:56 GMT-0700 (PDT), tt90916, http://lorempixel.com/640/480/people, 1, 68120, http://lorempixel.com/640/480/animals, Patrick Steuber III, Jacinto Mueller, Tue May 01 2018 06:28:49 GMT-0700 (PDT), 1 hour 18 minutes, [{"charactor_name":"\"Tamia Marks\"","actor_name":"\"Elmira Schneider\""}], quos, Wed Nov 01 2017 09:41:19 GMT-0700 (PDT), Joanie Koelpin, Handcrafted Fresh Salad, 26436, 39872, Eos iure pariatur dolorem. Reiciendis vero dolores tempora eius modi. Adipisci praesentium suscipit tempora facere officiis. Sed aut non totam fugiat eligendi omnis qui., laudantium laboriosam ut, 21140
Tasty Steel Shoes, Wed Feb 14 2018 13:14:30 GMT-0800 (PST), tt40648, http://lorempixel.com/640/480/people, 4, 18358, http://lorempixel.com/640/480/animals, Jedediah Ward, Wava Tromp, Sun Apr 08 2018 07:25:54 GMT-0700 (PDT), 2 hours 57 minutes, [{"charactor_name":"\"Garnett Pfannerstill\"","actor_name":"\"Abraham Dibbert\""},{"charactor_name":"\"Garnett Pfannerstill\"","actor_name":"\"Abraham Dibbert\""},{"charactor_name":"\"Garnett Pfannerstill\"","actor_name":"\"Abraham Dibbert\""}], magnam, Mon Jan 15 2018 21:54:38 GMT-0800 (PST), Josh Metz III, Salad, 16964, 17697, Sit eum sint quo nesciunt delectus tenetur tenetur quia iste. Quibusdam ipsam earum sapiente laboriosam accusantium. Et voluptatum voluptatibus repellat maiores fugiat a qui corporis est. Nihil sunt vel expedita velit non sapiente magnam., qui culpa occaecati, 72446
Tasty Cotton Chips, Sun Jun 03 2018 09:30:06 GMT-0700 (PDT), tt3214, http://lorempixel.com/640/480/people, 3, 51522, http://lorempixel.com/640/480/animals, Dr. Jeremie Dicki, Jaqueline Borer Jr., Tue Dec 19 2017 13:58:18 GMT-0800 (PST), 2 hours 40 minutes, [{"charactor_name":"\"Ms. Heaven Nitzsche\"","actor_name":"\"Melody Armstrong\""},{"charactor_name":"\"Ms. Heaven Nitzsche\"","actor_name":"\"Melody Armstrong\""},{"charactor_name":"\"Ms. Heaven Nitzsche\"","actor_name":"\"Melody Armstrong\""}], eius, Tue Jan 09 2018 21:35:53 GMT-0800 (PST), Marie Hyatt, HDD, 697, 66887, Animi atque voluptatem beatae nisi cumque fuga placeat rerum non. Labore vitae nulla facilis ea dicta. Labore voluptatem reiciendis sed., et ut neque, 60884
Tasty Rubber Keyboard, Fri Jul 06 2018 06:03:38 GMT-0700 (PDT), tt99138, http://lorempixel.com/640/480/people, 3, 13753, http://lorempixel.com/640/480/animals, Myah Connelly, Courtney Cormier, Sun Jun 24 2018 07:06:33 GMT-0700 (PDT), 2 hours 36 minutes, [{"charactor_name":"\"Mrs. Woodrow Bailey\"","actor_name":"\"Watson Muller\""},{"charactor_name":"\"Mrs. Woodrow Bailey\"","actor_name":"\"Watson Muller\""},{"charactor_name":"\"Mrs. Woodrow Bailey\"","actor_name":"\"Watson Muller\""}], quia, Wed Aug 22 2018 06:57:44 GMT-0700 (PDT), Rashad Bartell, Corporate, 32348, 46987, Quod rerum excepturi saepe odit id qui. Quo corporis soluta autem consequuntur eos enim. Eum provident est. Vel facere quo veniam nihil occaecati aut facilis natus. Illum autem doloremque aliquid voluptatibus labore voluptas itaque voluptatem., necessitatibus et similique, 23871
Handmade Rubber Fish, Thu Jul 19 2018 00:23:09 GMT-0700 (PDT), tt32511, http://lorempixel.com/640/480/people, 1, 33615, http://lorempixel.com/640/480/animals, Nichole Waelchi, Ewald Stamm, Wed May 30 2018 19:35:25 GMT-0700 (PDT), 2 hours 21 minutes, [{"charactor_name":"\"Emmitt Rempel\"","actor_name":"\"Alexandrea Schultz DDS\""}], voluptatum, Mon Nov 13 2017 06:28:27 GMT-0800 (PST), Hattie Treutel, South Dakota, 82078, 20550, Eveniet velit nam. Blanditiis odit aut repellat eaque laborum culpa in eum deserunt. Aliquid est laudantium at. Fuga aliquam asperiores dolorem amet omnis nostrum id debitis. Corporis sunt et quis qui. Non a amet., rerum ea veritatis, 86137
Rustic Wooden Chair, Mon Jul 16 2018 08:15:22 GMT-0700 (PDT), tt64664, http://lorempixel.com/640/480/people, 4, 83900, http://lorempixel.com/640/480/animals, Monty Conn, Tiara Dickens, Mon Jul 09 2018 19:37:44 GMT-0700 (PDT), 1 hour 36 minutes, [{"charactor_name":"\"Asa Towne\"","actor_name":"\"Muriel Howell Sr.\""}], dolorem, Thu Feb 01 2018 05:37:47 GMT-0800 (PST), Russ Jacobs, International, 84068, 58663, Nobis ad officia eum dolores officia vel eos fuga. Et rerum ut qui quis nihil deleniti. Consectetur cum corporis adipisci eveniet soluta autem neque autem., dolorem at at, 81890
Incredible Plastic Bacon, Wed Oct 04 2017 05:49:53 GMT-0700 (PDT), tt42629, http://lorempixel.com/640/480/people, 2, 28626, http://lorempixel.com/640/480/animals, Akeem Mills, Arlie Littel, Tue May 15 2018 20:42:54 GMT-0700 (PDT), 2 hours 11 minutes, [{"charactor_name":"\"Marian Kautzer\"","actor_name":"\"Reta Schmidt\""}], dolor, Wed Aug 22 2018 03:09:26 GMT-0700 (PDT), Xander Dooley, Missouri, 40528, 87860, In est voluptatem reprehenderit voluptas et dolor ut temporibus. Maxime earum ab ipsam natus aut. Animi voluptatem voluptas in fugit fugiat accusamus est., ipsum dolor quibusdam, 61531
Generic Wooden Table, Tue Dec 26 2017 14:41:20 GMT-0800 (PST), tt18456, http://lorempixel.com/640/480/people, 2, 59706, http://lorempixel.com/640/480/animals, Anastacio Schimmel, Dr. Ila Ziemann, Tue Sep 04 2018 07:09:32 GMT-0700 (PDT), 2 hours 59 minutes, [{"charactor_name":"\"Berneice Macejkovic\"","actor_name":"\"Mrs. Lauryn MacGyver\""}], velit, Sat Apr 14 2018 18:30:08 GMT-0700 (PDT), Brennon Brown, explicit, 22546, 10024, Qui inventore quia. Voluptatibus expedita eaque necessitatibus architecto. Itaque sapiente et ad enim rerum. Aut facere assumenda quis., dolorum qui id, 27741
Small Wooden Hat, Fri Jan 05 2018 05:15:44 GMT-0800 (PST), tt21981, http://lorempixel.com/640/480/people, 2, 40465, http://lorempixel.com/640/480/animals, Mr. Otis Sauer, Dr. Juliet Mohr, Fri Mar 02 2018 10:19:31 GMT-0800 (PST), 2 hours 34 minutes, [{"charactor_name":"\"Pablo Kshlerin\"","actor_name":"\"Bryana O'Kon\""},{"charactor_name":"\"Pablo Kshlerin\"","actor_name":"\"Bryana O'Kon\""},{"charactor_name":"\"Pablo Kshlerin\"","actor_name":"\"Bryana O'Kon\""}], facere, Sat Oct 14 2017 04:08:22 GMT-0700 (PDT), Rory Lubowitz, Metical, 72721, 40045, Ut voluptatem et at. Corporis consequatur libero enim nostrum ea enim architecto. Architecto repellat esse officiis ut eaque neque. Saepe quo voluptatem eum corporis. Reiciendis cum molestiae animi doloribus asperiores. Beatae molestias expedita nobis veritatis rem temporibus et expedita., saepe nesciunt aut, 71169
Sleek Granite Table, Mon Apr 09 2018 18:42:33 GMT-0700 (PDT), tt93661, http://lorempixel.com/640/480/people, 2, 77718, http://lorempixel.com/640/480/animals, Marianna Green, Salvatore Legros, Sun Dec 17 2017 23:25:53 GMT-0800 (PST), 2 hours 42 minutes, [{"charactor_name":"\"Eloisa VonRueden II\"","actor_name":"\"Christy Buckridge\""},{"charactor_name":"\"Eloisa VonRueden II\"","actor_name":"\"Christy Buckridge\""},{"charactor_name":"\"Eloisa VonRueden II\"","actor_name":"\"Christy Buckridge\""},{"charactor_name":"\"Eloisa VonRueden II\"","actor_name":"\"Christy Buckridge\""},{"charactor_name":"\"Eloisa VonRueden II\"","actor_name":"\"Christy Buckridge\""}], nam, Thu Feb 08 2018 04:58:33 GMT-0800 (PST), Christa Pollich, Soft, 62078, 45040, Iusto cumque molestiae ad. Ratione quia voluptatem assumenda dolorem cupiditate facere. Eius rerum omnis consequatur., culpa quisquam officia, 56438
Unbranded Granite Chips, Sun Dec 10 2017 17:35:11 GMT-0800 (PST), tt41832, http://lorempixel.com/640/480/people, 3, 14391, http://lorempixel.com/640/480/animals, Jacynthe Lebsack, Kennith Yost, Tue Aug 28 2018 04:36:57 GMT-0700 (PDT), 1 hour 54 minutes, [{"charactor_name":"\"Joana Dickens\"","actor_name":"\"Mrs. Kristoffer O'Reilly\""},{"charactor_name":"\"Joana Dickens\"","actor_name":"\"Mrs. Kristoffer O'Reilly\""},{"charactor_name":"\"Joana Dickens\"","actor_name":"\"Mrs. Kristoffer O'Reilly\""},{"charactor_name":"\"Joana Dickens\"","actor_name":"\"Mrs. Kristoffer O'Reilly\""},{"charactor_name":"\"Joana Dickens\"","actor_name":"\"Mrs. Kristoffer O'Reilly\""}], pariatur, Wed May 23 2018 14:04:42 GMT-0700 (PDT), Augusta Parisian, deposit, 1485, 43866, In sit culpa autem vitae eos perspiciatis neque animi tempore. Aliquid dolorem architecto. Et asperiores tempora minus facere. Deserunt asperiores sit commodi optio deserunt quam. Dolor et magnam. Expedita minus sed rerum aut quae soluta sed beatae quia., aut ipsum ea, 59109
Sleek Steel Cheese, Thu Jan 18 2018 05:28:20 GMT-0800 (PST), tt54416, http://lorempixel.com/640/480/people, 1, 55572, http://lorempixel.com/640/480/animals, Evert Gutkowski, Marcellus Kozey, Fri Dec 15 2017 17:12:48 GMT-0800 (PST), 2 hours 1 minute, [{"charactor_name":"\"Norma D'Amore\"","actor_name":"\"Mr. Adam Doyle\""}], necessitatibus, Fri Jun 08 2018 12:14:46 GMT-0700 (PDT), Craig Pacocha, pixel, 71209, 52748, Est aut sint atque est. Praesentium eaque qui neque earum. Aperiam harum similique eum optio. Odit quis natus magnam iste maxime., aut pariatur velit, 70570
Intelligent Steel Shirt, Mon Feb 19 2018 05:10:42 GMT-0800 (PST), tt63535, http://lorempixel.com/640/480/people, 1, 5814, http://lorempixel.com/640/480/animals, Randi Rice, Elbert DuBuque, Sun Feb 25 2018 01:35:37 GMT-0800 (PST), 1 hour 51 minutes, [{"charactor_name":"\"Miss Trent Sawayn\"","actor_name":"\"Roosevelt Kassulke\""}], perferendis, Sun Dec 31 2017 16:55:27 GMT-0800 (PST), Leila Oberbrunner DDS, Borders, 48972, 3972, Voluptatibus iusto error. Distinctio consequatur officiis culpa quis enim dolorem voluptas aut. Iste necessitatibus et facere enim cumque dolorem., aut dolores ut, 83258
Rustic Fresh Shirt, Sun May 06 2018 13:18:53 GMT-0700 (PDT), tt85227, http://lorempixel.com/640/480/people, 3, 62189, http://lorempixel.com/640/480/animals, Keon Hahn, Kristofer Upton, Mon Jul 09 2018 11:00:12 GMT-0700 (PDT), 1 hour 36 minutes, [{"charactor_name":"\"Julie Christiansen\"","actor_name":"\"Jalyn Little\""},{"charactor_name":"\"Julie Christiansen\"","actor_name":"\"Jalyn Little\""}], accusamus, Mon Dec 04 2017 15:03:39 GMT-0800 (PST), Margarette Will, Right-sized, 30153, 88330, Ipsam dolor velit nihil quia voluptatem rerum cupiditate neque. Ab inventore fugiat culpa consequuntur labore saepe in voluptates fugiat. Odio non id nisi ab quidem ut. Fuga nihil eaque nobis sint velit perspiciatis rerum expedita. Velit nesciunt est quo voluptatem., ut qui reprehenderit, 61178
Fantastic Metal Chicken, Tue Jan 16 2018 18:50:46 GMT-0800 (PST), tt15382, http://lorempixel.com/640/480/people, 1, 63541, http://lorempixel.com/640/480/animals, Grayce Rosenbaum, Carolyne Littel, Sun May 20 2018 03:05:49 GMT-0700 (PDT), 2 hours 30 minutes, [{"charactor_name":"\"Nelda Greenfelder Jr.\"","actor_name":"\"Fred Schiller DVM\""},{"charactor_name":"\"Nelda Greenfelder Jr.\"","actor_name":"\"Fred Schiller DVM\""},{"charactor_name":"\"Nelda Greenfelder Jr.\"","actor_name":"\"Fred Schiller DVM\""},{"charactor_name":"\"Nelda Greenfelder Jr.\"","actor_name":"\"Fred Schiller DVM\""},{"charactor_name":"\"Nelda Greenfelder Jr.\"","actor_name":"\"Fred Schiller DVM\""}], itaque, Sat Mar 03 2018 02:40:01 GMT-0800 (PST), Madonna Brekke, Stravenue, 44568, 22464, Optio vero vitae quas et quam et sed. Officia et est nulla animi non. Adipisci voluptas hic ipsum. Fugit vel consectetur asperiores occaecati veniam iure. Officiis tempore perspiciatis dolor. Dolor magnam quae est voluptatem voluptas voluptates aliquid recusandae ab., ex aut nulla, 91657
Rustic Wooden Hat, Wed Dec 27 2017 17:24:42 GMT-0800 (PST), tt22702, http://lorempixel.com/640/480/people, 5, 1812, http://lorempixel.com/640/480/animals, Arne Deckow, Madge Swift, Mon Jan 08 2018 06:00:27 GMT-0800 (PST), 2 hours 47 minutes, [{"charactor_name":"\"Janessa Fisher DVM\"","actor_name":"\"Ken Kunde\""},{"charactor_name":"\"Janessa Fisher DVM\"","actor_name":"\"Ken Kunde\""}], eaque, Tue Mar 20 2018 12:18:34 GMT-0700 (PDT), Mellie Auer, Incredible Steel Pants, 87279, 9595, Iure repellendus quisquam aperiam voluptatem. Et dolor odio perspiciatis inventore sit quis similique ut doloribus. Sequi error qui dolorem qui debitis quod dicta qui et., excepturi quasi sequi, 79476
Gorgeous Metal Computer, Sat May 26 2018 05:37:51 GMT-0700 (PDT), tt52128, http://lorempixel.com/640/480/people, 3, 66651, http://lorempixel.com/640/480/animals, Kristian Welch, Christine Powlowski, Tue Apr 24 2018 18:11:05 GMT-0700 (PDT), 2 hours 17 minutes, [{"charactor_name":"\"Noble Sanford\"","actor_name":"\"Caitlyn Jacobi\""},{"charactor_name":"\"Noble Sanford\"","actor_name":"\"Caitlyn Jacobi\""},{"charactor_name":"\"Noble Sanford\"","actor_name":"\"Caitlyn Jacobi\""},{"charactor_name":"\"Noble Sanford\"","actor_name":"\"Caitlyn Jacobi\""},{"charactor_name":"\"Noble Sanford\"","actor_name":"\"Caitlyn Jacobi\""}], unde, Tue Aug 07 2018 15:11:37 GMT-0700 (PDT), Carlo Mann, national, 14205, 19483, Harum alias et quia optio earum laboriosam excepturi. Voluptatibus consequuntur a aliquam laborum minima earum ratione. Cumque soluta occaecati dolor dolorem officia cum. Id voluptas sit natus cumque ut explicabo. Eveniet reprehenderit a voluptate., asperiores beatae qui, 16001
Sleek Wooden Gloves, Mon Jun 25 2018 22:40:02 GMT-0700 (PDT), tt941, http://lorempixel.com/640/480/people, 2, 25870, http://lorempixel.com/640/480/animals, Tyson Cormier, Rhett Kris, Sun Nov 19 2017 20:03:29 GMT-0800 (PST), 1 hour 9 minutes, [{"charactor_name":"\"Alice Renner\"","actor_name":"\"Damien Fisher\""},{"charactor_name":"\"Alice Renner\"","actor_name":"\"Damien Fisher\""},{"charactor_name":"\"Alice Renner\"","actor_name":"\"Damien Fisher\""},{"charactor_name":"\"Alice Renner\"","actor_name":"\"Damien Fisher\""},{"charactor_name":"\"Alice Renner\"","actor_name":"\"Damien Fisher\""}], similique, Mon Feb 26 2018 16:01:23 GMT-0800 (PST), Kayli Metz, Factors, 33334, 60212, Et aliquid pariatur facilis. Doloribus sint et et. Voluptates quis ea minima aut in assumenda beatae fugit rerum., est hic consequuntur, 86919
Unbranded Soft Chicken, Fri Jun 08 2018 19:16:29 GMT-0700 (PDT), tt36989, http://lorempixel.com/640/480/people, 2, 54740, http://lorempixel.com/640/480/animals, Norberto Grimes, Karen Weimann, Fri Oct 06 2017 00:49:45 GMT-0700 (PDT), 2 hours 22 minutes, [{"charactor_name":"\"Miss Adolfo Ullrich\"","actor_name":"\"Nathanael Roberts\""},{"charactor_name":"\"Miss Adolfo Ullrich\"","actor_name":"\"Nathanael Roberts\""},{"charactor_name":"\"Miss Adolfo Ullrich\"","actor_name":"\"Nathanael Roberts\""},{"charactor_name":"\"Miss Adolfo Ullrich\"","actor_name":"\"Nathanael Roberts\""}], eaque, Sat Apr 21 2018 22:26:59 GMT-0700 (PDT), Nadia Wiegand, dynamic, 69216, 48987, Dicta perspiciatis quasi quidem dolores est unde sunt. Ut animi quae cumque adipisci voluptatibus. Rem et voluptas iusto sint vel. Unde perspiciatis asperiores minus optio., eligendi quisquam in, 37618
Ergonomic Metal Bacon, Mon Apr 23 2018 04:33:35 GMT-0700 (PDT), tt5010, http://lorempixel.com/640/480/people, 3, 73584, http://lorempixel.com/640/480/animals, Americo Powlowski, Virgie Deckow, Tue May 22 2018 14:26:59 GMT-0700 (PDT), 1 hour 37 minutes, [{"charactor_name":"\"Viviane Funk\"","actor_name":"\"Maudie Little\""},{"charactor_name":"\"Viviane Funk\"","actor_name":"\"Maudie Little\""}], repellendus, Tue May 15 2018 12:08:00 GMT-0700 (PDT), Nathanial Powlowski Sr., capacitor, 42578, 49749, Provident quam cupiditate quia. Atque molestias qui excepturi sunt tempora esse. Suscipit adipisci excepturi in nam dicta. Assumenda id quidem., nam tempora omnis, 52739
Gorgeous Metal Bike, Sun Jul 15 2018 11:09:13 GMT-0700 (PDT), tt90767, http://lorempixel.com/640/480/people, 5, 24111, http://lorempixel.com/640/480/animals, Lowell Schinner, Jennyfer Maggio, Sun Jun 24 2018 08:25:33 GMT-0700 (PDT), 2 hours 11 minutes, [{"charactor_name":"\"Velva King\"","actor_name":"\"Zion Johnson\""}], praesentium, Mon Apr 16 2018 05:21:22 GMT-0700 (PDT), Nils Mayer, Kip, 98556, 32936, Quisquam qui velit aliquid saepe omnis. Saepe aspernatur autem enim voluptas dolores. Et dolor unde et porro temporibus et laudantium., omnis nemo accusamus, 7660
Awesome Granite Bike, Sun Jun 03 2018 15:29:07 GMT-0700 (PDT), tt18753, http://lorempixel.com/640/480/people, 5, 17119, http://lorempixel.com/640/480/animals, Ryann Reilly, Francesco Marks, Mon Nov 20 2017 07:00:14 GMT-0800 (PST), 1 hour 42 minutes, [{"charactor_name":"\"Marjolaine Kuphal\"","actor_name":"\"Aniya Little\""},{"charactor_name":"\"Marjolaine Kuphal\"","actor_name":"\"Aniya Little\""}], nihil, Tue May 29 2018 06:08:22 GMT-0700 (PDT), Devyn Mueller, leverage, 31984, 13268, Ipsam iste quas. Officiis eveniet magni eos. Incidunt sunt similique qui quam est alias. Sed beatae aut temporibus a consequuntur nostrum provident facere doloremque. Non omnis vero sed ut id voluptatem mollitia maxime. Non soluta illo provident necessitatibus earum quidem., dolores eum ut, 17476
Handmade Wooden Fish, Fri Nov 24 2017 08:42:36 GMT-0800 (PST), tt24201, http://lorempixel.com/640/480/people, 5, 94533, http://lorempixel.com/640/480/animals, Jovany Walker, Moriah Greenfelder, Wed Jan 24 2018 11:25:15 GMT-0800 (PST), 1 hour 50 minutes, [{"charactor_name":"\"Cornelius Padberg\"","actor_name":"\"Rylan McLaughlin\""},{"charactor_name":"\"Cornelius Padberg\"","actor_name":"\"Rylan McLaughlin\""}], quis, Mon Apr 02 2018 09:28:31 GMT-0700 (PDT), Richard Rath, South Carolina, 63647, 43014, Facilis veniam voluptatem nihil. Autem dolorem animi consectetur molestias. Rerum aut ipsa harum et., dolores accusantium inventore, 46306
Gorgeous Soft Hat, Sat Nov 25 2017 01:10:56 GMT-0800 (PST), tt13441, http://lorempixel.com/640/480/people, 4, 42592, http://lorempixel.com/640/480/animals, Mrs. Arnaldo Konopelski, Mateo Bauch, Thu Sep 27 2018 14:10:26 GMT-0700 (PDT), 2 hours 55 minutes, [{"charactor_name":"\"Constance Kiehn\"","actor_name":"\"Dawn Champlin\""}], aliquid, Thu Aug 23 2018 18:48:08 GMT-0700 (PDT), Mrs. Jon Gutmann, Identity, 86077, 13844, Magni a debitis sint aut ratione. Et rem ab eaque ea odit. Assumenda voluptas sed ratione ratione qui quibusdam quis voluptatem., quo alias voluptas, 68872
Handmade Granite Shirt, Wed Nov 15 2017 01:15:10 GMT-0800 (PST), tt55750, http://lorempixel.com/640/480/people, 5, 48694, http://lorempixel.com/640/480/animals, Julian Hoppe, Candelario Klocko, Mon May 14 2018 06:12:29 GMT-0700 (PDT), 1 hour 21 minutes, [{"charactor_name":"\"Alexandrea Greenholt V\"","actor_name":"\"Tony Davis\""},{"charactor_name":"\"Alexandrea Greenholt V\"","actor_name":"\"Tony Davis\""},{"charactor_name":"\"Alexandrea Greenholt V\"","actor_name":"\"Tony Davis\""},{"charactor_name":"\"Alexandrea Greenholt V\"","actor_name":"\"Tony Davis\""},{"charactor_name":"\"Alexandrea Greenholt V\"","actor_name":"\"Tony Davis\""}], illum, Sat Feb 17 2018 02:44:32 GMT-0800 (PST), Jevon Boehm, Automotive, 22039, 86229, Eum quis excepturi autem at sunt assumenda numquam sit. Et incidunt voluptatem ut sunt non quia exercitationem exercitationem ut. Qui cumque enim ducimus excepturi laborum. Provident voluptatem a aut. Harum eum consequuntur qui., deserunt deserunt repellat, 47915
Awesome Steel Salad, Thu Dec 28 2017 11:43:27 GMT-0800 (PST), tt62090, http://lorempixel.com/640/480/people, 1, 75042, http://lorempixel.com/640/480/animals, Isidro Cremin, Maddison Waelchi, Thu Jan 25 2018 08:23:57 GMT-0800 (PST), 2 hours 45 minutes, [{"charactor_name":"\"Miss Eleanore Zulauf\"","actor_name":"\"Derick Kunze\""},{"charactor_name":"\"Miss Eleanore Zulauf\"","actor_name":"\"Derick Kunze\""},{"charactor_name":"\"Miss Eleanore Zulauf\"","actor_name":"\"Derick Kunze\""}], doloremque, Sun May 06 2018 17:07:24 GMT-0700 (PDT), Miss Arno Mohr, Berkshire, 79138, 69998, Molestiae illo debitis inventore voluptas unde quo. Corporis eos aut exercitationem facilis mollitia. Voluptas et a atque. Reiciendis voluptatem deleniti culpa autem perferendis ut voluptates., quo rerum aut, 56675
Refined Plastic Towels, Wed Jul 25 2018 19:07:23 GMT-0700 (PDT), tt97906, http://lorempixel.com/640/480/people, 5, 5306, http://lorempixel.com/640/480/animals, Kieran Fay, Eloisa MacGyver, Tue May 15 2018 20:17:50 GMT-0700 (PDT), 1 hour 5 minutes, [{"charactor_name":"\"Violet Hoppe\"","actor_name":"\"Willie Ruecker\""}], dolores, Thu Jun 28 2018 18:14:59 GMT-0700 (PDT), Demetrius Will, Planner, 8070, 33223, Incidunt similique dolorum tempore. Nihil dolores enim. Occaecati perspiciatis eos aut ea officia incidunt natus error est. Quis nisi ipsam omnis aperiam quo., voluptas corporis aut, 5943
Ergonomic Wooden Bike, Sat Aug 18 2018 06:30:52 GMT-0700 (PDT), tt96216, http://lorempixel.com/640/480/people, 3, 39092, http://lorempixel.com/640/480/animals, Miss Antonio Thiel, Itzel Collins, Wed Oct 25 2017 06:06:54 GMT-0700 (PDT), 1 hour 24 minutes, [{"charactor_name":"\"Lavada Buckridge\"","actor_name":"\"Dr. Wilton Denesik\""},{"charactor_name":"\"Lavada Buckridge\"","actor_name":"\"Dr. Wilton Denesik\""},{"charactor_name":"\"Lavada Buckridge\"","actor_name":"\"Dr. Wilton Denesik\""}], nisi, Sun Jan 28 2018 19:01:42 GMT-0800 (PST), Liza Schmeler III, XML, 72208, 48489, Hic laboriosam ut qui aut. Cumque eaque aut. Molestiae tempore quisquam fuga fuga aut sapiente. Nemo doloribus ut sed id aliquid. Expedita aut qui., hic rerum repudiandae, 76858
Awesome Plastic Table, Thu May 10 2018 01:56:11 GMT-0700 (PDT), tt90487, http://lorempixel.com/640/480/people, 5, 28658, http://lorempixel.com/640/480/animals, Giles Kunze, Mrs. Pierre Keebler, Sun Nov 05 2017 06:47:52 GMT-0800 (PST), 2 hours 24 minutes, [{"charactor_name":"\"Derick Jenkins\"","actor_name":"\"Ayana Borer\""},{"charactor_name":"\"Derick Jenkins\"","actor_name":"\"Ayana Borer\""},{"charactor_name":"\"Derick Jenkins\"","actor_name":"\"Ayana Borer\""}], assumenda, Thu Apr 05 2018 20:25:32 GMT-0700 (PDT), Brad Hegmann, Fort, 81263, 88676, Quos vel saepe facilis eum nostrum suscipit vitae ducimus. Aut iusto iusto totam ut rerum sunt vel. Voluptatem ullam occaecati dolorem ut labore. Cum et quod id et ipsa., veritatis laudantium corporis, 92205
Rustic Metal Bacon, Fri Jan 05 2018 23:43:26 GMT-0800 (PST), tt3519, http://lorempixel.com/640/480/people, 1, 53620, http://lorempixel.com/640/480/animals, Shana Legros, Adele Johns, Wed Mar 07 2018 01:21:20 GMT-0800 (PST), 2 hours 16 minutes, [{"charactor_name":"\"Dillon Mante\"","actor_name":"\"Lavonne Heathcote I\""},{"charactor_name":"\"Dillon Mante\"","actor_name":"\"Lavonne Heathcote I\""},{"charactor_name":"\"Dillon Mante\"","actor_name":"\"Lavonne Heathcote I\""},{"charactor_name":"\"Dillon Mante\"","actor_name":"\"Lavonne Heathcote I\""}], cumque, Sun Oct 22 2017 20:02:28 GMT-0700 (PDT), Lavonne Koch IV, Future, 21271, 95344, Deserunt earum esse velit voluptatem dolorem omnis consequatur voluptatem nam. Non aliquam fugit. Dolore quod et officiis vel itaque vitae veritatis., ut magnam et, 80871
Incredible Soft Pants, Mon Jun 18 2018 22:03:25 GMT-0700 (PDT), tt96228, http://lorempixel.com/640/480/people, 5, 51926, http://lorempixel.com/640/480/animals, Ezequiel Doyle, Ms. Winifred Friesen, Tue Feb 27 2018 10:15:54 GMT-0800 (PST), 1 hour 1 minute, [{"charactor_name":"\"Johnny Bechtelar\"","actor_name":"\"Winona Berge\""}], et, Tue Feb 27 2018 10:46:34 GMT-0800 (PST), Clint Johnston, black, 99476, 58479, Non aut beatae. Reprehenderit enim nulla. Qui aut sunt aut. Explicabo et harum deleniti repudiandae libero nemo. Perspiciatis rerum ratione perferendis corrupti provident aperiam. Amet illo cum rerum voluptatem eius id dolores dolorem fugiat., provident neque ipsum, 81509
Incredible Fresh Salad, Tue Dec 05 2017 00:26:22 GMT-0800 (PST), tt24917, http://lorempixel.com/640/480/people, 3, 94117, http://lorempixel.com/640/480/animals, Neil Berge, Ciara Veum, Thu Dec 21 2017 09:11:47 GMT-0800 (PST), 1 hour 56 minutes, [{"charactor_name":"\"Lacy Runte\"","actor_name":"\"Veronica Bradtke\""}], et, Sun Dec 10 2017 10:37:11 GMT-0800 (PST), Archibald Reichel, transmit, 11347, 85483, Soluta voluptatibus esse consequatur quidem autem dolor delectus nihil dolor. Sit nulla explicabo ut expedita nemo possimus. Ut at architecto. Blanditiis rerum iusto voluptate. Corporis hic earum. Officiis et ex., aut dolore delectus, 19154
Incredible Plastic Pants, Sat Jan 13 2018 11:33:35 GMT-0800 (PST), tt14489, http://lorempixel.com/640/480/people, 1, 23081, http://lorempixel.com/640/480/animals, Larue Effertz, Bertram Wilkinson, Fri May 11 2018 07:28:09 GMT-0700 (PDT), 1 hour 44 minutes, [{"charactor_name":"\"Pascale Grimes IV\"","actor_name":"\"Edwina Legros\""}], dignissimos, Sun May 27 2018 00:04:17 GMT-0700 (PDT), Mrs. Dangelo Robel, Steel, 78063, 93424, Nisi at omnis saepe voluptates maxime. Non molestias aperiam molestiae. Quo dolor quae adipisci sunt optio et. Rerum placeat incidunt. Sint numquam eaque esse ea., et sint enim, 13522
Awesome Fresh Chicken, Wed Oct 04 2017 01:02:47 GMT-0700 (PDT), tt52323, http://lorempixel.com/640/480/people, 5, 99905, http://lorempixel.com/640/480/animals, Shanny Larkin, Laurence Considine, Fri Jan 26 2018 21:06:25 GMT-0800 (PST), 1 hour 11 minutes, [{"charactor_name":"\"Lauriane Eichmann\"","actor_name":"\"Jo Hintz\""}], fugiat, Mon Jun 25 2018 14:20:23 GMT-0700 (PDT), Blaze Windler DVM, empower, 41037, 56027, Est id impedit beatae dolorem ipsa perferendis nam facere. Quod corporis aut expedita. Odio incidunt facere voluptatem explicabo vero iste tempore vero modi., omnis necessitatibus fuga, 98838
Intelligent Fresh Shoes, Thu May 24 2018 14:44:05 GMT-0700 (PDT), tt8660, http://lorempixel.com/640/480/people, 5, 61022, http://lorempixel.com/640/480/animals, Elyse Cassin, Keshaun Prohaska, Wed Apr 25 2018 16:38:51 GMT-0700 (PDT), 1 hour 17 minutes, [{"charactor_name":"\"Cletus Gulgowski\"","actor_name":"\"Ms. Bertrand Hudson\""},{"charactor_name":"\"Cletus Gulgowski\"","actor_name":"\"Ms. Bertrand Hudson\""},{"charactor_name":"\"Cletus Gulgowski\"","actor_name":"\"Ms. Bertrand Hudson\""},{"charactor_name":"\"Cletus Gulgowski\"","actor_name":"\"Ms. Bertrand Hudson\""},{"charactor_name":"\"Cletus Gulgowski\"","actor_name":"\"Ms. Bertrand Hudson\""}], aut, Wed Dec 20 2017 17:20:32 GMT-0800 (PST), Reggie McGlynn, Home Loan Account, 43084, 15936, Et deleniti doloremque ut suscipit dolorem accusamus ipsum laborum error. Consequatur delectus laboriosam vitae ab. Quasi dolores eos ullam. Quis velit sit quia ut et aut optio. Quis et temporibus commodi voluptas., sint fuga quia, 879
Sleek Plastic Hat, Thu Oct 12 2017 04:12:14 GMT-0700 (PDT), tt41958, http://lorempixel.com/640/480/people, 2, 67262, http://lorempixel.com/640/480/animals, Lane Hauck, Walton Fritsch, Sat Jun 09 2018 15:19:42 GMT-0700 (PDT), 2 hours 53 minutes, [{"charactor_name":"\"Boyd Cummerata\"","actor_name":"\"Amparo Sporer II\""},{"charactor_name":"\"Boyd Cummerata\"","actor_name":"\"Amparo Sporer II\""},{"charactor_name":"\"Boyd Cummerata\"","actor_name":"\"Amparo Sporer II\""}], aperiam, Thu Sep 27 2018 23:26:35 GMT-0700 (PDT), Verona Zemlak, Chilean Peso Unidades de fomento, 9435, 60286, Blanditiis laboriosam quia non incidunt qui laboriosam aliquid. Omnis quia modi necessitatibus earum quam rerum animi qui. Beatae corrupti minima architecto. Aut minima consectetur rerum nihil natus. Non tempora soluta. Eligendi at voluptatem alias laboriosam distinctio quidem maxime perferendis., dolorem eius rerum, 75455
Licensed Frozen Cheese, Thu Mar 29 2018 03:57:53 GMT-0700 (PDT), tt73979, http://lorempixel.com/640/480/people, 5, 21973, http://lorempixel.com/640/480/animals, Mr. Kiana Bergstrom, Stefan Morar, Thu May 10 2018 06:14:21 GMT-0700 (PDT), 2 hours 18 minutes, [{"charactor_name":"\"Jovany Mueller\"","actor_name":"\"Edison Kihn\""},{"charactor_name":"\"Jovany Mueller\"","actor_name":"\"Edison Kihn\""},{"charactor_name":"\"Jovany Mueller\"","actor_name":"\"Edison Kihn\""},{"charactor_name":"\"Jovany Mueller\"","actor_name":"\"Edison Kihn\""}], distinctio, Fri Sep 21 2018 00:01:40 GMT-0700 (PDT), Alayna Dooley, Ball, 67717, 95148, Et debitis amet iste praesentium aut quod. Non hic esse occaecati saepe perferendis. Vitae explicabo et non. Qui mollitia odio., ab aliquid similique, 84423
Small Metal Mouse, Tue Nov 21 2017 09:35:58 GMT-0800 (PST), tt69609, http://lorempixel.com/640/480/people, 2, 82645, http://lorempixel.com/640/480/animals, Vernie Conn, Brady Lang, Mon Nov 20 2017 07:59:19 GMT-0800 (PST), 1 hour 11 minutes, [{"charactor_name":"\"Clementina Bashirian\"","actor_name":"\"Waldo Swaniawski\""},{"charactor_name":"\"Clementina Bashirian\"","actor_name":"\"Waldo Swaniawski\""}], natus, Sun Mar 18 2018 06:03:00 GMT-0700 (PDT), Wilfredo Terry Sr., Sports, 92051, 69618, Laborum id non accusamus cupiditate dolor. Voluptatem officiis aliquid. Non pariatur accusamus molestiae deleniti occaecati et sit qui. Id magnam praesentium harum quo molestiae qui., adipisci modi incidunt, 27355
Handcrafted Metal Chicken, Wed Jul 18 2018 19:48:09 GMT-0700 (PDT), tt34993, http://lorempixel.com/640/480/people, 3, 73053, http://lorempixel.com/640/480/animals, Mr. Jennifer Ortiz, Chasity Renner, Wed Feb 07 2018 13:51:02 GMT-0800 (PST), 2 hours 10 minutes, [{"charactor_name":"\"Dr. Madalyn Feeney\"","actor_name":"\"Adriel Predovic\""},{"charactor_name":"\"Dr. Madalyn Feeney\"","actor_name":"\"Adriel Predovic\""},{"charactor_name":"\"Dr. Madalyn Feeney\"","actor_name":"\"Adriel Predovic\""},{"charactor_name":"\"Dr. Madalyn Feeney\"","actor_name":"\"Adriel Predovic\""}], laboriosam, Wed Jun 20 2018 22:23:41 GMT-0700 (PDT), Joannie Walker, Frozen, 71575, 60100, Voluptatum neque ipsam ab quod error qui inventore. Facilis et ut eaque exercitationem adipisci. Modi pariatur quis reiciendis ea hic iste consequatur aut beatae., velit qui dolorem, 71308
Unbranded Frozen Chips, Wed Aug 15 2018 17:21:35 GMT-0700 (PDT), tt60961, http://lorempixel.com/640/480/people, 1, 15424, http://lorempixel.com/640/480/animals, Nyah Wehner, Trent Reinger PhD, Sat Sep 30 2017 07:21:22 GMT-0700 (PDT), 1 hour 48 minutes, [{"charactor_name":"\"Mina Adams\"","actor_name":"\"Joesph Gibson\""},{"charactor_name":"\"Mina Adams\"","actor_name":"\"Joesph Gibson\""},{"charactor_name":"\"Mina Adams\"","actor_name":"\"Joesph Gibson\""},{"charactor_name":"\"Mina Adams\"","actor_name":"\"Joesph Gibson\""}], eum, Thu May 03 2018 16:28:27 GMT-0700 (PDT), Curtis Wisoky, bypassing, 36564, 7741, Et consequuntur voluptatum voluptate reiciendis. Aliquam recusandae repellat ea dolor qui sequi ut possimus dolor. Reprehenderit deserunt nisi. Et tempora aliquam. Sed quam velit deleniti alias ex aliquam dolores quis., nihil ut dolor, 58336
Refined Rubber Chair, Thu Apr 19 2018 00:38:19 GMT-0700 (PDT), tt9888, http://lorempixel.com/640/480/people, 1, 11754, http://lorempixel.com/640/480/animals, Margret Reynolds, Vito Lockman I, Tue Oct 31 2017 13:12:56 GMT-0700 (PDT), 1 hour 35 minutes, [{"charactor_name":"\"Missouri Ratke\"","actor_name":"\"Betty Gleason V\""},{"charactor_name":"\"Missouri Ratke\"","actor_name":"\"Betty Gleason V\""},{"charactor_name":"\"Missouri Ratke\"","actor_name":"\"Betty Gleason V\""}], tempore, Wed May 09 2018 01:21:22 GMT-0700 (PDT), Arnold Carter, multi-state, 36482, 73245, Et autem enim ut possimus. Tenetur facilis sint nemo qui deserunt quibusdam at. Tenetur sit repellendus molestias eos est nisi autem non. Totam repellat velit deleniti molestiae dolores aut quas sapiente., nobis eum cupiditate, 60318
Ergonomic Cotton Hat, Tue Jul 17 2018 00:45:37 GMT-0700 (PDT), tt97902, http://lorempixel.com/640/480/people, 1, 41203, http://lorempixel.com/640/480/animals, Jacklyn Stokes, Arvid Koss, Wed May 30 2018 18:46:28 GMT-0700 (PDT), 1 hour 3 minutes, [{"charactor_name":"\"Angus Boyle DVM\"","actor_name":"\"Alexzander Reichel\""},{"charactor_name":"\"Angus Boyle DVM\"","actor_name":"\"Alexzander Reichel\""}], provident, Mon Jul 23 2018 04:12:15 GMT-0700 (PDT), Zoe Carter, overriding, 90569, 36480, Laborum ut nobis at et quae. Autem non voluptatem minima commodi itaque minima quo et ut. Et dignissimos corporis itaque reprehenderit sit ut et expedita. Accusantium explicabo provident qui ex ut., et tenetur minima, 93215
Ergonomic Metal Shirt, Tue Jan 23 2018 17:02:44 GMT-0800 (PST), tt84776, http://lorempixel.com/640/480/people, 2, 74241, http://lorempixel.com/640/480/animals, Marilyne Harber, Rosemarie Kuphal V, Sat Sep 15 2018 08:38:06 GMT-0700 (PDT), 1 hour 11 minutes, [{"charactor_name":"\"Nelda Veum\"","actor_name":"\"Fletcher Crona\""}], est, Mon Nov 06 2017 18:53:57 GMT-0800 (PST), Vickie Goyette, IB, 44331, 57172, Odit quia mollitia. Qui unde sit enim quasi neque omnis. Error iusto vero accusantium. Placeat qui autem est., optio consequatur debitis, 73125
Ergonomic Soft Towels, Mon Mar 19 2018 15:20:53 GMT-0700 (PDT), tt16829, http://lorempixel.com/640/480/people, 4, 69623, http://lorempixel.com/640/480/animals, Avis Mann, Dr. Rod Glover, Fri Jan 26 2018 09:15:54 GMT-0800 (PST), 1 hour 41 minutes, [{"charactor_name":"\"Lemuel Hermann\"","actor_name":"\"Hallie Bartoletti\""},{"charactor_name":"\"Lemuel Hermann\"","actor_name":"\"Hallie Bartoletti\""},{"charactor_name":"\"Lemuel Hermann\"","actor_name":"\"Hallie Bartoletti\""}], iusto, Thu Jun 28 2018 22:38:35 GMT-0700 (PDT), Arno Beier, capacity, 34242, 76603, Voluptas ab qui et sit non exercitationem. A fugit expedita omnis mollitia esse non voluptatum et voluptatum. Doloremque dolor qui velit., commodi et sit, 1226
Rustic Concrete Keyboard, Thu Jul 19 2018 18:53:07 GMT-0700 (PDT), tt18021, http://lorempixel.com/640/480/people, 4, 62092, http://lorempixel.com/640/480/animals, Miguel Cole, Madge Johnston, Tue Sep 25 2018 20:07:06 GMT-0700 (PDT), 2 hours 45 minutes, [{"charactor_name":"\"Jovanny Senger\"","actor_name":"\"Maynard Wiza\""}], aut, Sun Jun 24 2018 02:22:00 GMT-0700 (PDT), Mozell Hyatt, one-to-one, 51550, 22867, Dolore autem laboriosam ut animi ipsam. Fugiat molestiae consequatur eum delectus repellat commodi nam ex. Velit ut eaque ut dolor similique sed magni accusamus occaecati. Exercitationem sit dignissimos et nostrum in totam quis enim. Nemo dignissimos officiis non incidunt quis. Exercitationem quis similique repudiandae rerum., alias est quia, 37491
Tasty Granite Chicken, Fri Jan 19 2018 22:00:45 GMT-0800 (PST), tt72347, http://lorempixel.com/640/480/people, 5, 29532, http://lorempixel.com/640/480/animals, Maurine Marvin, Isac Sawayn, Wed Dec 27 2017 07:45:25 GMT-0800 (PST), 1 hour 44 minutes, [{"charactor_name":"\"Gino Hayes\"","actor_name":"\"Sydney Orn I\""},{"charactor_name":"\"Gino Hayes\"","actor_name":"\"Sydney Orn I\""},{"charactor_name":"\"Gino Hayes\"","actor_name":"\"Sydney Orn I\""},{"charactor_name":"\"Gino Hayes\"","actor_name":"\"Sydney Orn I\""},{"charactor_name":"\"Gino Hayes\"","actor_name":"\"Sydney Orn I\""}], iusto, Wed Dec 13 2017 22:40:28 GMT-0800 (PST), Newell Lemke Sr., Knoll, 55314, 38073, Nobis eligendi accusantium aperiam aut veniam sapiente quo. Corporis odit neque iure et. Totam soluta explicabo velit tempora molestiae magnam., doloribus repellat et, 92020
Small Concrete Mouse, Sun May 13 2018 16:39:25 GMT-0700 (PDT), tt72663, http://lorempixel.com/640/480/people, 4, 95168, http://lorempixel.com/640/480/animals, Antonietta Bogan Sr., Miss Harley Bernhard, Sat Aug 11 2018 16:50:23 GMT-0700 (PDT), 1 hour 3 minutes, [{"charactor_name":"\"Zoe Kihn\"","actor_name":"\"Anya Buckridge\""},{"charactor_name":"\"Zoe Kihn\"","actor_name":"\"Anya Buckridge\""},{"charactor_name":"\"Zoe Kihn\"","actor_name":"\"Anya Buckridge\""}], iure, Wed Nov 15 2017 08:48:25 GMT-0800 (PST), Lindsey Hartmann, Awesome, 55665, 94413, Est officiis doloribus. Est facilis maxime facere magnam. Nulla totam qui ea. Nihil doloribus esse molestias voluptas., in in adipisci, 31952
Tasty Steel Soap, Wed Jul 18 2018 11:23:05 GMT-0700 (PDT), tt88388, http://lorempixel.com/640/480/people, 4, 24875, http://lorempixel.com/640/480/animals, Chad Ziemann, Allie Waters, Mon Aug 27 2018 19:54:16 GMT-0700 (PDT), 2 hours 16 minutes, [{"charactor_name":"\"Dolly Rath\"","actor_name":"\"Helen Moen\""}], dolore, Sat Jan 13 2018 19:15:23 GMT-0800 (PST), Danny Luettgen, Pizza, 2686, 53944, Voluptatem ab voluptatem vel sunt et ullam quae earum et. Odio ut ad sit ipsum tempora illo. Quis quo dolor odit architecto laboriosam adipisci doloribus sit ut. Minima dolores voluptatem dolorem suscipit atque reprehenderit quaerat dolore., natus sequi voluptas, 57414
Incredible Frozen Sausages, Wed May 16 2018 01:16:06 GMT-0700 (PDT), tt4250, http://lorempixel.com/640/480/people, 2, 6453, http://lorempixel.com/640/480/animals, Maudie Keeling, Mrs. Silas McDermott, Tue Nov 21 2017 11:50:41 GMT-0800 (PST), 1 hour 6 minutes, [{"charactor_name":"\"Moriah Zieme PhD\"","actor_name":"\"Wellington Shields\""},{"charactor_name":"\"Moriah Zieme PhD\"","actor_name":"\"Wellington Shields\""}], omnis, Tue Oct 10 2017 02:18:36 GMT-0700 (PDT), Agustina Smitham, transmitter, 55455, 26076, Et ab omnis possimus numquam et. Porro veritatis ab a autem et dolorem maxime magnam. Laborum tenetur quo labore. Aliquid consequatur neque excepturi optio veritatis quod magnam repudiandae impedit., eius et suscipit, 66678
Fantastic Cotton Bacon, Tue Mar 27 2018 23:17:22 GMT-0700 (PDT), tt73411, http://lorempixel.com/640/480/people, 1, 84237, http://lorempixel.com/640/480/animals, Emelia Conn, Arvel Schmeler, Wed Jul 25 2018 23:26:28 GMT-0700 (PDT), 1 hour 36 minutes, [{"charactor_name":"\"Garnett Nikolaus\"","actor_name":"\"Cheyanne Padberg\""},{"charactor_name":"\"Garnett Nikolaus\"","actor_name":"\"Cheyanne Padberg\""}], dolores, Mon Dec 04 2017 12:47:09 GMT-0800 (PST), Edwina Crist, Home Loan Account, 95340, 68586, Est molestias et et non rerum suscipit. Et enim quam. Expedita facilis autem omnis dolor doloribus inventore. Consequatur harum et eos., quidem veritatis aliquam, 30336
Generic Soft Bike, Tue Feb 27 2018 18:27:12 GMT-0800 (PST), tt7265, http://lorempixel.com/640/480/people, 4, 42698, http://lorempixel.com/640/480/animals, Emerald Franecki, Cristian Batz, Fri Sep 21 2018 23:02:00 GMT-0700 (PDT), 2 hours 43 minutes, [{"charactor_name":"\"Stanley Larkin\"","actor_name":"\"Shad Kiehn\""},{"charactor_name":"\"Stanley Larkin\"","actor_name":"\"Shad Kiehn\""},{"charactor_name":"\"Stanley Larkin\"","actor_name":"\"Shad Kiehn\""},{"charactor_name":"\"Stanley Larkin\"","actor_name":"\"Shad Kiehn\""},{"charactor_name":"\"Stanley Larkin\"","actor_name":"\"Shad Kiehn\""}], quibusdam, Mon Nov 27 2017 18:51:23 GMT-0800 (PST), Leonard Little, Garden, 74821, 61138, Qui nesciunt sapiente aut occaecati earum laboriosam autem. Aut rerum aperiam possimus accusantium. Et laudantium voluptas ipsum. Vitae cumque aliquid velit ut amet molestiae., provident dolorum nemo, 86944
Gorgeous Cotton Sausages, Sun Sep 02 2018 19:24:36 GMT-0700 (PDT), tt51598, http://lorempixel.com/640/480/people, 3, 86228, http://lorempixel.com/640/480/animals, Cordia Rempel, Casimer Aufderhar, Tue Jan 02 2018 23:13:39 GMT-0800 (PST), 1 hour 12 minutes, [{"charactor_name":"\"Laila Steuber\"","actor_name":"\"Odessa Rath\""},{"charactor_name":"\"Laila Steuber\"","actor_name":"\"Odessa Rath\""},{"charactor_name":"\"Laila Steuber\"","actor_name":"\"Odessa Rath\""},{"charactor_name":"\"Laila Steuber\"","actor_name":"\"Odessa Rath\""},{"charactor_name":"\"Laila Steuber\"","actor_name":"\"Odessa Rath\""}], dolor, Sat Sep 22 2018 17:37:44 GMT-0700 (PDT), Miss Zackery Mayer, Colorado, 92594, 95681, Optio vel eum aut assumenda ut est. Et id est veritatis voluptatibus ut unde harum sit. Tenetur aut qui id voluptas est quidem. Dolorum dolor odit nobis dicta omnis ut a omnis et., molestiae consequatur quis, 40282
Generic Wooden Shirt, Thu Jun 21 2018 02:39:59 GMT-0700 (PDT), tt53568, http://lorempixel.com/640/480/people, 4, 91982, http://lorempixel.com/640/480/animals, Jadyn Hodkiewicz, King Reichert, Thu Oct 19 2017 22:53:57 GMT-0700 (PDT), 2 hours 33 minutes, [{"charactor_name":"\"Allison Muller DVM\"","actor_name":"\"Jalyn Weimann\""},{"charactor_name":"\"Allison Muller DVM\"","actor_name":"\"Jalyn Weimann\""},{"charactor_name":"\"Allison Muller DVM\"","actor_name":"\"Jalyn Weimann\""}], magnam, Tue Oct 17 2017 03:07:01 GMT-0700 (PDT), Dolores Armstrong, Florida, 68388, 23313, Eos ullam ipsum eveniet explicabo tempora quisquam itaque. Facilis expedita libero. Deserunt labore minima itaque voluptas aut. Quisquam ratione ab voluptas mollitia sed. Qui rem consequatur., placeat et quo, 46676
Generic Frozen Fish, Wed Oct 11 2017 10:52:06 GMT-0700 (PDT), tt9051, http://lorempixel.com/640/480/people, 2, 83227, http://lorempixel.com/640/480/animals, Josefina Leannon, Ms. Candelario Schmitt, Wed Oct 11 2017 22:07:37 GMT-0700 (PDT), 2 hours 55 minutes, [{"charactor_name":"\"Don Wiza PhD\"","actor_name":"\"Kareem Wisoky\""},{"charactor_name":"\"Don Wiza PhD\"","actor_name":"\"Kareem Wisoky\""}], rerum, Mon Oct 16 2017 16:54:06 GMT-0700 (PDT), Ashly Leannon, partnerships, 95865, 74857, Eum officia eaque impedit voluptas aut. Fugit et dicta occaecati nihil ea maxime voluptatibus. Voluptatem vitae deleniti hic architecto ducimus aut qui optio. Repellendus architecto omnis enim modi impedit consequatur. Odio voluptatibus aut quos sed et officiis quia. Autem accusamus laudantium eveniet eius., ratione qui temporibus, 56985
Gorgeous Metal Chair, Mon Feb 05 2018 06:55:40 GMT-0800 (PST), tt21662, http://lorempixel.com/640/480/people, 3, 13458, http://lorempixel.com/640/480/animals, Beth Wolff, Miss Martine Luettgen, Tue Feb 27 2018 01:27:52 GMT-0800 (PST), 1 hour 33 minutes, [{"charactor_name":"\"Christ Ortiz\"","actor_name":"\"Mac Hodkiewicz\""},{"charactor_name":"\"Christ Ortiz\"","actor_name":"\"Mac Hodkiewicz\""},{"charactor_name":"\"Christ Ortiz\"","actor_name":"\"Mac Hodkiewicz\""}], explicabo, Sun Sep 09 2018 02:22:33 GMT-0700 (PDT), Else Skiles, strategy, 58412, 12700, Fugiat fuga velit cumque. Quasi rerum consequuntur quis distinctio esse. Et veritatis qui non et impedit quisquam ratione. Delectus vitae voluptate sequi ea quo quidem., est in rerum, 16966
Incredible Wooden Salad, Fri Apr 20 2018 20:01:13 GMT-0700 (PDT), tt53995, http://lorempixel.com/640/480/people, 2, 90, http://lorempixel.com/640/480/animals, Xander Romaguera, Mr. Nickolas Tromp, Tue Dec 19 2017 01:22:02 GMT-0800 (PST), 2 hours 16 minutes, [{"charactor_name":"\"Ms. Maurice Reinger\"","actor_name":"\"Fay Rippin\""},{"charactor_name":"\"Ms. Maurice Reinger\"","actor_name":"\"Fay Rippin\""},{"charactor_name":"\"Ms. Maurice Reinger\"","actor_name":"\"Fay Rippin\""},{"charactor_name":"\"Ms. Maurice Reinger\"","actor_name":"\"Fay Rippin\""}], explicabo, Mon Feb 05 2018 12:50:20 GMT-0800 (PST), Astrid Bogisich, groupware, 41904, 68668, Asperiores non in ea. Voluptates nam numquam. Ipsam eius totam esse. Consequuntur est perspiciatis sunt iste cupiditate porro veniam et. Et iste ut aut debitis et et neque iusto quod. Magni eius nemo a., quia est debitis, 2513
Unbranded Plastic Salad, Tue Sep 18 2018 04:16:37 GMT-0700 (PDT), tt50151, http://lorempixel.com/640/480/people, 2, 80937, http://lorempixel.com/640/480/animals, Aaron Little, Juston Hane, Mon Jun 18 2018 01:17:25 GMT-0700 (PDT), 1 hour 32 minutes, [{"charactor_name":"\"Dr. Westley Bogisich\"","actor_name":"\"Jordane Schroeder\""},{"charactor_name":"\"Dr. Westley Bogisich\"","actor_name":"\"Jordane Schroeder\""},{"charactor_name":"\"Dr. Westley Bogisich\"","actor_name":"\"Jordane Schroeder\""}], qui, Mon May 21 2018 02:42:44 GMT-0700 (PDT), Miss Paolo Gusikowski, e-business, 84014, 54977, Consequatur quasi nesciunt incidunt quos eius consequatur accusamus. Nostrum quia sit vero. Debitis qui molestiae dolores quo., nulla ducimus quia, 26371
Intelligent Steel Pizza, Thu Jan 11 2018 07:45:31 GMT-0800 (PST), tt7930, http://lorempixel.com/640/480/people, 3, 78254, http://lorempixel.com/640/480/animals, Dr. Felicity Vandervort, Mckenna Koelpin, Tue Dec 12 2017 21:06:40 GMT-0800 (PST), 1 hour 12 minutes, [{"charactor_name":"\"Nayeli Zemlak\"","actor_name":"\"Keegan Botsford\""},{"charactor_name":"\"Nayeli Zemlak\"","actor_name":"\"Keegan Botsford\""},{"charactor_name":"\"Nayeli Zemlak\"","actor_name":"\"Keegan Botsford\""}], officia, Sun Nov 05 2017 12:24:37 GMT-0800 (PST), Emerson Dietrich, Berkshire, 23509, 77421, Vel reprehenderit odit. Rerum et ut consectetur sed sit facere. Dolore laudantium facere sint voluptas. Tempora repudiandae modi accusamus., porro voluptas magnam, 32849
Ergonomic Granite Chair, Sun Oct 29 2017 01:06:53 GMT-0700 (PDT), tt46621, http://lorempixel.com/640/480/people, 5, 1659, http://lorempixel.com/640/480/animals, Frederique Lang III, Joanie Jones DDS, Thu Oct 12 2017 13:51:31 GMT-0700 (PDT), 1 hour 49 minutes, [{"charactor_name":"\"Mr. Audrey O'Reilly\"","actor_name":"\"Lowell Roob IV\""}], earum, Sat Jan 13 2018 22:25:17 GMT-0800 (PST), Michele Block, cultivate, 8416, 73243, Voluptatem sed sapiente reiciendis magnam quia odit impedit in. Aut natus voluptatibus odit doloribus. Labore dignissimos qui enim saepe earum incidunt quae. Accusantium quo architecto reprehenderit et., hic quaerat aut, 60365
Handcrafted Frozen Fish, Wed Oct 04 2017 14:22:16 GMT-0700 (PDT), tt39569, http://lorempixel.com/640/480/people, 4, 83290, http://lorempixel.com/640/480/animals, Jan Bartell, Kurt Padberg, Mon Dec 18 2017 21:34:50 GMT-0800 (PST), 1 hour 16 minutes, [{"charactor_name":"\"Duane Kris\"","actor_name":"\"Eleazar Kertzmann\""},{"charactor_name":"\"Duane Kris\"","actor_name":"\"Eleazar Kertzmann\""},{"charactor_name":"\"Duane Kris\"","actor_name":"\"Eleazar Kertzmann\""},{"charactor_name":"\"Duane Kris\"","actor_name":"\"Eleazar Kertzmann\""}], eligendi, Tue Jul 10 2018 00:54:45 GMT-0700 (PDT), Sylvan Boehm, cross-platform, 23898, 98272, Doloremque soluta quasi libero ea aut. Quia nisi quae ad tempora. Molestiae doloremque odio rerum excepturi libero. Omnis illum eaque et nam eligendi quo quo quo iure. Sunt natus assumenda. Architecto provident adipisci incidunt rem non., sed aut ad, 68356
Licensed Metal Bike, Sat Dec 30 2017 16:17:44 GMT-0800 (PST), tt98400, http://lorempixel.com/640/480/people, 1, 1226, http://lorempixel.com/640/480/animals, Jace Dare, Ayden Krajcik, Sun Feb 18 2018 19:38:32 GMT-0800 (PST), 1 hour 55 minutes, [{"charactor_name":"\"Marielle Dickinson\"","actor_name":"\"Donald Bechtelar\""}], quidem, Sat Dec 02 2017 18:19:05 GMT-0800 (PST), Alda Daniel, open-source, 47780, 74039, Tempora aliquid vel quam. Itaque quia accusamus similique iure ullam in quis. Quo optio aut voluptas porro eaque ea veniam id id. Aliquam qui distinctio ab qui. Ipsa qui sequi a qui harum at consequatur modi. Est et ullam doloremque animi aut error deleniti et., perferendis maiores ullam, 2242
Rustic Steel Table, Mon May 21 2018 10:02:32 GMT-0700 (PDT), tt24913, http://lorempixel.com/640/480/people, 3, 8592, http://lorempixel.com/640/480/animals, Hipolito Homenick, Luis Leannon Sr., Sun Jan 21 2018 21:02:35 GMT-0800 (PST), 2 hours 3 minutes, [{"charactor_name":"\"Vaughn Schamberger\"","actor_name":"\"Bell Morissette\""},{"charactor_name":"\"Vaughn Schamberger\"","actor_name":"\"Bell Morissette\""}], asperiores, Tue Jul 24 2018 12:40:37 GMT-0700 (PDT), Ernestina Volkman Jr., transmit, 52800, 99261, Et eveniet non modi autem cumque quas. Ullam eligendi autem provident doloribus. Officiis enim sunt qui assumenda assumenda quis dolores ut enim. Dolorum similique voluptatem., voluptatem ea non, 55902
Intelligent Steel Chicken, Sun Sep 09 2018 18:44:59 GMT-0700 (PDT), tt82494, http://lorempixel.com/640/480/people, 4, 82731, http://lorempixel.com/640/480/animals, Mckayla Zemlak, Megane Doyle, Tue Jul 31 2018 08:44:55 GMT-0700 (PDT), 2 hours 20 minutes, [{"charactor_name":"\"Moshe Howe\"","actor_name":"\"Darlene Gleason\""},{"charactor_name":"\"Moshe Howe\"","actor_name":"\"Darlene Gleason\""}], iste, Thu May 31 2018 22:40:46 GMT-0700 (PDT), Shanon Senger, Investor, 44716, 67621, Ducimus amet non quam repellat. Minima sint iure dolore error exercitationem error dicta illum modi. Qui neque tempore et sequi rerum., dignissimos est consequatur, 7601
Incredible Wooden Towels, Sun Apr 08 2018 18:29:29 GMT-0700 (PDT), tt59787, http://lorempixel.com/640/480/people, 5, 12455, http://lorempixel.com/640/480/animals, Ian Little, Clementine Hoeger, Wed Dec 20 2017 04:32:50 GMT-0800 (PST), 2 hours 6 minutes, [{"charactor_name":"\"Miss Benjamin Tromp\"","actor_name":"\"Sabryna Crist\""},{"charactor_name":"\"Miss Benjamin Tromp\"","actor_name":"\"Sabryna Crist\""},{"charactor_name":"\"Miss Benjamin Tromp\"","actor_name":"\"Sabryna Crist\""},{"charactor_name":"\"Miss Benjamin Tromp\"","actor_name":"\"Sabryna Crist\""},{"charactor_name":"\"Miss Benjamin Tromp\"","actor_name":"\"Sabryna Crist\""}], beatae, Thu Mar 08 2018 23:31:35 GMT-0800 (PST), Leatha Waelchi, Costa Rica, 4144, 6047, Dolorum eos ut. Officia officia facilis ut alias architecto. Labore id illo nisi architecto consequatur accusantium., eius hic perferendis, 99981
Ergonomic Fresh Computer, Sat Mar 10 2018 19:02:16 GMT-0800 (PST), tt48288, http://lorempixel.com/640/480/people, 5, 51232, http://lorempixel.com/640/480/animals, Maryse Heathcote, Kirk Lowe, Tue Jul 24 2018 07:46:23 GMT-0700 (PDT), 1 hour 20 minutes, [{"charactor_name":"\"Karolann Kuvalis\"","actor_name":"\"Chase Swift\""},{"charactor_name":"\"Karolann Kuvalis\"","actor_name":"\"Chase Swift\""},{"charactor_name":"\"Karolann Kuvalis\"","actor_name":"\"Chase Swift\""},{"charactor_name":"\"Karolann Kuvalis\"","actor_name":"\"Chase Swift\""}], dolores, Wed Oct 18 2017 02:52:00 GMT-0700 (PDT), Brandi Pollich, wireless, 22568, 29186, Dolorem et ex at est et quam. Aut voluptates quia voluptatem non magni voluptates hic voluptas tempore. Et rerum facere autem inventore. Ut quae nihil animi., quaerat et sunt, 69900
Small Plastic Keyboard, Fri Feb 16 2018 23:03:53 GMT-0800 (PST), tt6307, http://lorempixel.com/640/480/people, 3, 34172, http://lorempixel.com/640/480/animals, Lonnie Abshire, Mr. Bryon Sauer, Tue Aug 21 2018 11:01:39 GMT-0700 (PDT), 1 hour 40 minutes, [{"charactor_name":"\"Jakob Legros I\"","actor_name":"\"Angela Cormier\""},{"charactor_name":"\"Jakob Legros I\"","actor_name":"\"Angela Cormier\""},{"charactor_name":"\"Jakob Legros I\"","actor_name":"\"Angela Cormier\""},{"charactor_name":"\"Jakob Legros I\"","actor_name":"\"Angela Cormier\""}], ut, Thu Dec 21 2017 06:43:58 GMT-0800 (PST), Janelle Tromp, card, 44769, 28795, Eos dolores officiis quisquam voluptatibus ut veritatis enim dolorem. Quas qui beatae et quia. Perspiciatis recusandae dolorem qui fuga. Doloremque deleniti harum eos perferendis saepe sapiente., quia laboriosam explicabo, 85673
Small Rubber Car, Sat Jun 30 2018 16:44:54 GMT-0700 (PDT), tt60572, http://lorempixel.com/640/480/people, 1, 39216, http://lorempixel.com/640/480/animals, Miss Dejah Abbott, Jarvis Schaden, Sat Dec 23 2017 02:58:17 GMT-0800 (PST), 1 hour 26 minutes, [{"charactor_name":"\"Marina Ferry\"","actor_name":"\"Ayden Beier I\""},{"charactor_name":"\"Marina Ferry\"","actor_name":"\"Ayden Beier I\""},{"charactor_name":"\"Marina Ferry\"","actor_name":"\"Ayden Beier I\""}], itaque, Sat May 19 2018 15:31:22 GMT-0700 (PDT), Mrs. Monroe Ernser, Legacy, 35683, 33816, Fugit nihil vitae molestiae aut. Sed explicabo sed. Inventore et et aut. Rerum harum officia. Omnis quas temporibus impedit., eligendi quibusdam sint, 95273
Awesome Rubber Chair, Wed May 23 2018 01:21:07 GMT-0700 (PDT), tt50704, http://lorempixel.com/640/480/people, 4, 21742, http://lorempixel.com/640/480/animals, Mossie Kunde, Sage Emmerich, Mon Aug 20 2018 11:45:58 GMT-0700 (PDT), 1 hour 42 minutes, [{"charactor_name":"\"Mara Rohan\"","actor_name":"\"Else Crooks\""},{"charactor_name":"\"Mara Rohan\"","actor_name":"\"Else Crooks\""},{"charactor_name":"\"Mara Rohan\"","actor_name":"\"Else Crooks\""},{"charactor_name":"\"Mara Rohan\"","actor_name":"\"Else Crooks\""},{"charactor_name":"\"Mara Rohan\"","actor_name":"\"Else Crooks\""}], sunt, Tue Dec 12 2017 23:48:11 GMT-0800 (PST), Everett Herman, generating, 4417, 37189, Saepe quas fuga. Et iure eos voluptas suscipit magnam ut. Commodi eius consectetur est est. Id minima consequuntur expedita magni vitae qui repudiandae. Ut laudantium illum. Autem voluptas nihil quis nisi repellat ut ad quo culpa., et commodi aliquam, 39008
Rustic Plastic Chair, Fri Dec 22 2017 10:48:16 GMT-0800 (PST), tt89513, http://lorempixel.com/640/480/people, 5, 5983, http://lorempixel.com/640/480/animals, Reece Wisoky, Savannah Harvey, Thu Jun 14 2018 19:27:00 GMT-0700 (PDT), 1 hour 59 minutes, [{"charactor_name":"\"Nikko Boyer\"","actor_name":"\"Ewald Walter V\""},{"charactor_name":"\"Nikko Boyer\"","actor_name":"\"Ewald Walter V\""},{"charactor_name":"\"Nikko Boyer\"","actor_name":"\"Ewald Walter V\""}], ullam, Fri Nov 10 2017 20:28:11 GMT-0800 (PST), Caden Crona, Unbranded, 39858, 80680, Ut sed numquam culpa adipisci ullam numquam nesciunt maiores. Suscipit sint ea omnis veniam corrupti corrupti laborum voluptatem exercitationem. Neque enim ut aspernatur autem. Dolor sit at iusto. Repellendus quia voluptatum aspernatur fugit quo ut esse soluta. Consequatur impedit repellat., officia qui nam, 23922
Unbranded Frozen Gloves, Tue Dec 12 2017 18:44:46 GMT-0800 (PST), tt81312, http://lorempixel.com/640/480/people, 3, 43940, http://lorempixel.com/640/480/animals, Hal Lindgren, Ms. Randall Donnelly, Fri Feb 16 2018 23:04:29 GMT-0800 (PST), 1 hour 30 minutes, [{"charactor_name":"\"Kayden Marquardt\"","actor_name":"\"Shanie Fadel\""},{"charactor_name":"\"Kayden Marquardt\"","actor_name":"\"Shanie Fadel\""},{"charactor_name":"\"Kayden Marquardt\"","actor_name":"\"Shanie Fadel\""},{"charactor_name":"\"Kayden Marquardt\"","actor_name":"\"Shanie Fadel\""},{"charactor_name":"\"Kayden Marquardt\"","actor_name":"\"Shanie Fadel\""}], vitae, Tue Aug 14 2018 06:38:50 GMT-0700 (PDT), Sebastian Deckow, Engineer, 46585, 70432, Aut cum pariatur sit. Iusto tempore aut. Vel dignissimos vitae nobis sed velit exercitationem quas consequatur. Quas aut voluptatem molestiae enim odio maiores., provident pariatur atque, 82029
Ergonomic Plastic Fish, Tue Jun 26 2018 03:25:19 GMT-0700 (PDT), tt9348, http://lorempixel.com/640/480/people, 5, 53450, http://lorempixel.com/640/480/animals, Sibyl Spinka, Colleen Mertz, Wed Apr 18 2018 11:35:01 GMT-0700 (PDT), 1 hour 50 minutes, [{"charactor_name":"\"Mary Marks\"","actor_name":"\"Marques Lesch\""},{"charactor_name":"\"Mary Marks\"","actor_name":"\"Marques Lesch\""},{"charactor_name":"\"Mary Marks\"","actor_name":"\"Marques Lesch\""},{"charactor_name":"\"Mary Marks\"","actor_name":"\"Marques Lesch\""},{"charactor_name":"\"Mary Marks\"","actor_name":"\"Marques Lesch\""}], quo, Sat Dec 16 2017 19:52:41 GMT-0800 (PST), Gayle West, Quality, 30761, 10395, Quis officia voluptatem impedit blanditiis voluptatibus. Tenetur quidem provident eos sint autem voluptas et iusto enim. Iure assumenda eaque quibusdam. Ut vel accusamus voluptatibus. Ratione perferendis quasi quam quia voluptatem nobis et., autem et dignissimos, 30352
Rustic Steel Pizza, Sun Apr 22 2018 06:50:40 GMT-0700 (PDT), tt31834, http://lorempixel.com/640/480/people, 2, 4871, http://lorempixel.com/640/480/animals, Ashlee Pfannerstill, Micaela Yundt, Tue Nov 07 2017 07:16:07 GMT-0800 (PST), 2 hours 15 minutes, [{"charactor_name":"\"Madyson Conroy\"","actor_name":"\"Ms. Darlene McCullough\""},{"charactor_name":"\"Madyson Conroy\"","actor_name":"\"Ms. Darlene McCullough\""},{"charactor_name":"\"Madyson Conroy\"","actor_name":"\"Ms. Darlene McCullough\""},{"charactor_name":"\"Madyson Conroy\"","actor_name":"\"Ms. Darlene McCullough\""}], exercitationem, Sat Aug 11 2018 13:07:21 GMT-0700 (PDT), Juvenal Hayes, copying, 83894, 15762, Sed illo ut quibusdam quas consequatur. Possimus consequatur minima. Rem quisquam officia nemo quibusdam similique est vel. Unde excepturi quis non sit magni et., est qui officiis, 87508
Handmade Steel Bacon, Sun Jul 22 2018 13:00:54 GMT-0700 (PDT), tt10443, http://lorempixel.com/640/480/people, 2, 97933, http://lorempixel.com/640/480/animals, Wilma Swaniawski, Archibald Luettgen, Sat Jun 16 2018 16:45:06 GMT-0700 (PDT), 2 hours 25 minutes, [{"charactor_name":"\"Emery Flatley\"","actor_name":"\"Miss Katlyn Padberg\""},{"charactor_name":"\"Emery Flatley\"","actor_name":"\"Miss Katlyn Padberg\""},{"charactor_name":"\"Emery Flatley\"","actor_name":"\"Miss Katlyn Padberg\""},{"charactor_name":"\"Emery Flatley\"","actor_name":"\"Miss Katlyn Padberg\""},{"charactor_name":"\"Emery Flatley\"","actor_name":"\"Miss Katlyn Padberg\""}], nostrum, Thu Mar 01 2018 23:23:44 GMT-0800 (PST), Corbin Ryan, Tools, 39159, 60930, Ea et eum et. Et labore labore sequi perspiciatis. Dolor qui ut ut quod quae est id. Perferendis voluptas tenetur pariatur est corporis quam. Non eaque voluptatem aut aut., alias est corporis, 85647
Gorgeous Granite Salad, Wed Apr 11 2018 06:03:21 GMT-0700 (PDT), tt11187, http://lorempixel.com/640/480/people, 3, 61247, http://lorempixel.com/640/480/animals, Isac Macejkovic, Andres Reynolds, Thu Nov 16 2017 07:40:30 GMT-0800 (PST), 1 hour 59 minutes, [{"charactor_name":"\"Frank Lindgren MD\"","actor_name":"\"Trent Kovacek\""},{"charactor_name":"\"Frank Lindgren MD\"","actor_name":"\"Trent Kovacek\""},{"charactor_name":"\"Frank Lindgren MD\"","actor_name":"\"Trent Kovacek\""},{"charactor_name":"\"Frank Lindgren MD\"","actor_name":"\"Trent Kovacek\""},{"charactor_name":"\"Frank Lindgren MD\"","actor_name":"\"Trent Kovacek\""}], distinctio, Fri May 11 2018 06:09:46 GMT-0700 (PDT), Harmony Balistreri, target, 24812, 97010, Ratione cupiditate quibusdam sapiente magni maxime. Error et qui unde sed reiciendis. Pariatur qui corporis nesciunt qui neque voluptate itaque. Rerum voluptatibus maxime vero et et est odio., soluta omnis recusandae, 23841
Rustic Wooden Computer, Thu Nov 23 2017 19:22:07 GMT-0800 (PST), tt79448, http://lorempixel.com/640/480/people, 3, 30246, http://lorempixel.com/640/480/animals, Toby Jacobi, Chet Mertz, Sat Jul 28 2018 09:58:55 GMT-0700 (PDT), 1 hour 54 minutes, [{"charactor_name":"\"Asa Mosciski\"","actor_name":"\"Giovanni Feest DVM\""}], doloremque, Sat May 26 2018 21:48:33 GMT-0700 (PDT), Clovis Corkery, moderator, 45297, 74448, Aspernatur nesciunt veritatis est sit illo nam ut. Corporis voluptatibus voluptatem nam eos ducimus officiis. Est reprehenderit esse voluptatem eius placeat magnam sint ut. Repellat dolores praesentium. Esse nihil aut. Molestiae dolor enim commodi laborum., veritatis nam voluptas, 42106
Unbranded Soft Towels, Sun Jun 24 2018 08:46:53 GMT-0700 (PDT), tt93146, http://lorempixel.com/640/480/people, 2, 1202, http://lorempixel.com/640/480/animals, Deborah Heller, Mrs. Abigayle Hermiston, Tue Jul 03 2018 01:28:01 GMT-0700 (PDT), 1 hour 56 minutes, [{"charactor_name":"\"Travon Armstrong\"","actor_name":"\"Dr. Pierre Mann\""},{"charactor_name":"\"Travon Armstrong\"","actor_name":"\"Dr. Pierre Mann\""},{"charactor_name":"\"Travon Armstrong\"","actor_name":"\"Dr. Pierre Mann\""},{"charactor_name":"\"Travon Armstrong\"","actor_name":"\"Dr. Pierre Mann\""},{"charactor_name":"\"Travon Armstrong\"","actor_name":"\"Dr. Pierre Mann\""}], qui, Fri Feb 02 2018 07:16:52 GMT-0800 (PST), Kurtis Glover I, Zloty, 55594, 86182, Et qui quo voluptatum ut vel deleniti. Ducimus nostrum labore ipsam rerum nisi cumque ducimus aut illum. Ipsam velit repellat reiciendis ab a eius sed at non., at laboriosam deserunt, 82195
Licensed Metal Table, Mon Feb 05 2018 06:42:00 GMT-0800 (PST), tt22651, http://lorempixel.com/640/480/people, 1, 95452, http://lorempixel.com/640/480/animals, Ernest Gusikowski, Ottilie Sanford, Sat Apr 07 2018 22:21:02 GMT-0700 (PDT), 2 hours 32 minutes, [{"charactor_name":"\"Eula Bailey\"","actor_name":"\"Aaliyah Wyman Sr.\""},{"charactor_name":"\"Eula Bailey\"","actor_name":"\"Aaliyah Wyman Sr.\""},{"charactor_name":"\"Eula Bailey\"","actor_name":"\"Aaliyah Wyman Sr.\""},{"charactor_name":"\"Eula Bailey\"","actor_name":"\"Aaliyah Wyman Sr.\""},{"charactor_name":"\"Eula Bailey\"","actor_name":"\"Aaliyah Wyman Sr.\""}], velit, Tue Jul 17 2018 21:29:09 GMT-0700 (PDT), Tamara Trantow, Intelligent Plastic Sausages, 37729, 2795, Distinctio unde rerum nobis iste doloribus in veritatis molestiae accusamus. Asperiores similique ut officia possimus architecto cupiditate voluptas consectetur. Nihil enim iusto corporis quas., voluptas id impedit, 34142
Practical Plastic Pants, Mon Dec 25 2017 02:48:25 GMT-0800 (PST), tt87612, http://lorempixel.com/640/480/people, 3, 83895, http://lorempixel.com/640/480/animals, Fabian Nienow, Mr. Reanna Olson, Thu Dec 14 2017 19:50:52 GMT-0800 (PST), 2 hours 50 minutes, [{"charactor_name":"\"Carolyn Beahan\"","actor_name":"\"Margie Ullrich\""},{"charactor_name":"\"Carolyn Beahan\"","actor_name":"\"Margie Ullrich\""},{"charactor_name":"\"Carolyn Beahan\"","actor_name":"\"Margie Ullrich\""},{"charactor_name":"\"Carolyn Beahan\"","actor_name":"\"Margie Ullrich\""},{"charactor_name":"\"Carolyn Beahan\"","actor_name":"\"Margie Ullrich\""}], quaerat, Tue Jul 03 2018 06:28:19 GMT-0700 (PDT), Orion Will, navigate, 46902, 89184, Rem quo illo eveniet fugiat. Accusantium sed doloribus sit recusandae dolorem eos neque repellendus. Mollitia fugit dolores sint eveniet. Error libero in., iure est blanditiis, 66277
Handcrafted Rubber Fish, Thu Jun 14 2018 10:02:05 GMT-0700 (PDT), tt3650, http://lorempixel.com/640/480/people, 2, 9707, http://lorempixel.com/640/480/animals, Haylie Mueller, Junior Wilderman, Mon Nov 06 2017 12:25:51 GMT-0800 (PST), 2 hours 6 minutes, [{"charactor_name":"\"Ashleigh Borer\"","actor_name":"\"Miss Lacy Swaniawski\""},{"charactor_name":"\"Ashleigh Borer\"","actor_name":"\"Miss Lacy Swaniawski\""}], placeat, Tue Jun 19 2018 12:36:10 GMT-0700 (PDT), Catharine Rau, Markets, 50972, 68894, Sit quae quia corrupti. Quidem debitis dignissimos rerum repellendus. Facilis in ut molestias quasi similique enim facere perspiciatis natus. Necessitatibus dolores aut autem dolores magnam sed fuga id., consequatur voluptatem ratione, 28495
Licensed Concrete Ball, Sat Mar 31 2018 18:22:37 GMT-0700 (PDT), tt54044, http://lorempixel.com/640/480/people, 3, 25462, http://lorempixel.com/640/480/animals, Arvid Feest I, Katelin Dooley, Thu Apr 05 2018 05:11:31 GMT-0700 (PDT), 1 hour 37 minutes, [{"charactor_name":"\"Oma Gottlieb\"","actor_name":"\"Alexane Tromp\""},{"charactor_name":"\"Oma Gottlieb\"","actor_name":"\"Alexane Tromp\""}], et, Wed Feb 21 2018 01:27:58 GMT-0800 (PST), Harley Zemlak, Credit Card Account, 13323, 94269, Ea aut voluptatem magnam quia impedit. Quia sit animi inventore delectus perferendis impedit perspiciatis consequatur minus. Qui unde iste officia distinctio officiis architecto aliquam. Est aut sequi aliquid sint facilis nesciunt beatae natus. Eaque nulla eum ut tempora fugit sint eius. Nihil quidem temporibus reprehenderit perferendis., et ab non, 14145
Incredible Concrete Hat, Fri Nov 03 2017 05:23:21 GMT-0700 (PDT), tt47172, http://lorempixel.com/640/480/people, 5, 43166, http://lorempixel.com/640/480/animals, Ruby Ortiz, Dolly Haley, Sat Dec 16 2017 09:07:44 GMT-0800 (PST), 2 hours 24 minutes, [{"charactor_name":"\"Georgiana Lubowitz\"","actor_name":"\"Trenton Howe\""},{"charactor_name":"\"Georgiana Lubowitz\"","actor_name":"\"Trenton Howe\""},{"charactor_name":"\"Georgiana Lubowitz\"","actor_name":"\"Trenton Howe\""},{"charactor_name":"\"Georgiana Lubowitz\"","actor_name":"\"Trenton Howe\""},{"charactor_name":"\"Georgiana Lubowitz\"","actor_name":"\"Trenton Howe\""}], quia, Tue Dec 05 2017 12:31:31 GMT-0800 (PST), Brycen Langosh, Handmade Concrete Soap, 88011, 46467, Illum illum modi sed quia dolore. Labore totam blanditiis enim et et possimus laudantium. Velit ut laudantium mollitia nobis consequatur ratione. Saepe dicta voluptas voluptate quasi eum rem cumque qui., adipisci fugit cupiditate, 46601
Practical Rubber Gloves, Wed Oct 25 2017 03:05:41 GMT-0700 (PDT), tt35474, http://lorempixel.com/640/480/people, 2, 12676, http://lorempixel.com/640/480/animals, Sabrina Pfeffer, Walter Gusikowski Sr., Thu Nov 02 2017 15:58:44 GMT-0700 (PDT), 2 hours 7 minutes, [{"charactor_name":"\"Jessika Cormier\"","actor_name":"\"Veda Armstrong\""},{"charactor_name":"\"Jessika Cormier\"","actor_name":"\"Veda Armstrong\""},{"charactor_name":"\"Jessika Cormier\"","actor_name":"\"Veda Armstrong\""},{"charactor_name":"\"Jessika Cormier\"","actor_name":"\"Veda Armstrong\""}], dolorem, Sun May 27 2018 07:20:47 GMT-0700 (PDT), Verna Mertz, monitor, 61197, 91042, Aliquam hic iusto sapiente quis ad. Accusantium aut modi rerum voluptatem et fuga aut et. Et voluptatibus eveniet dignissimos., dolores sapiente magni, 30101
Small Plastic Cheese, Mon Jan 22 2018 17:06:41 GMT-0800 (PST), tt77721, http://lorempixel.com/640/480/people, 5, 125, http://lorempixel.com/640/480/animals, Deja Considine DDS, Randi Toy, Fri Mar 23 2018 15:28:30 GMT-0700 (PDT), 2 hours 1 minute, [{"charactor_name":"\"Miss Buster Howe\"","actor_name":"\"Deshawn Price\""},{"charactor_name":"\"Miss Buster Howe\"","actor_name":"\"Deshawn Price\""},{"charactor_name":"\"Miss Buster Howe\"","actor_name":"\"Deshawn Price\""},{"charactor_name":"\"Miss Buster Howe\"","actor_name":"\"Deshawn Price\""},{"charactor_name":"\"Miss Buster Howe\"","actor_name":"\"Deshawn Price\""}], dolorem, Wed Jun 27 2018 01:36:57 GMT-0700 (PDT), Zane Dibbert, District, 52695, 49032, Et aut reiciendis qui. Ipsum nobis quam assumenda sit aliquam hic soluta. Labore voluptatem ut architecto molestiae recusandae culpa soluta est. Et ullam et. Est repellendus quia. Impedit corporis vero est qui reiciendis consequatur in., provident fuga autem, 58838
Unbranded Cotton Chips, Thu Nov 02 2017 23:31:37 GMT-0700 (PDT), tt30139, http://lorempixel.com/640/480/people, 4, 15960, http://lorempixel.com/640/480/animals, Janis Hilll, Treva Collier, Sat Apr 07 2018 00:54:10 GMT-0700 (PDT), 1 hour 26 minutes, [{"charactor_name":"\"Colby Adams\"","actor_name":"\"Sylvan Osinski\""},{"charactor_name":"\"Colby Adams\"","actor_name":"\"Sylvan Osinski\""}], rerum, Sat Aug 04 2018 01:01:35 GMT-0700 (PDT), Milo Ruecker, Interactions, 95904, 34997, Sed molestias dolorum tempora consequatur aspernatur optio quia maxime. Debitis alias iure voluptatem doloribus. Nobis voluptatem tenetur qui ut occaecati iste delectus explicabo. Et iste ut repellendus voluptas culpa., reiciendis maiores vel, 89457
Unbranded Steel Computer, Sat Apr 14 2018 20:52:20 GMT-0700 (PDT), tt77273, http://lorempixel.com/640/480/people, 5, 91414, http://lorempixel.com/640/480/animals, Florida Hilpert, Leanna Moore, Sun Nov 26 2017 11:17:46 GMT-0800 (PST), 2 hours 51 minutes, [{"charactor_name":"\"Mrs. Madalyn Stracke\"","actor_name":"\"Prince Windler\""}], dolore, Sun Mar 25 2018 14:33:39 GMT-0700 (PDT), Miss Jovan Morar, budgetary management, 89663, 94437, Aperiam eos earum in quia rerum provident et vel mollitia. Voluptatem ut saepe doloribus. Iure optio maxime voluptas eveniet similique similique aperiam cumque facere. Quaerat officiis facere nam laborum. Nam dolorum voluptatem molestiae consequatur libero aperiam error aut molestiae., animi ipsa cumque, 66224
